Product Name,Price,Rating,M.R.P,Expected Delivery
"Redmi 11 Prime (Playful Green, 4GB RAM, 64GB Storage) | Prime Design | High Performance Helio G99 | 50 MP AI Triple Cam | 5000 mAh | 22.5W","10,999",3.9 out of 5 stars,"₹10,999","Saturday, 13 May"
Redmi Note 12 5G Matte Black 6GB RAM 128GB ROM | 1st Phone with 120Hz Super AMOLED and Snapdragon® 4 Gen 1 | 48MP AI Triple Camera,"19,999",3.8 out of 5 stars,"₹19,999","Saturday, 13 May"
"realme narzo N55 (Prime Black, 4GB+64GB) 33W Segment Fastest Charging | Super High-res 64MP Primary AI Camera","10,999",4.3 out of 5 stars,"₹10,999","Saturday, 13 May"
"Samsung Galaxy M04 Dark Blue, 4GB RAM, 64GB Storage | Upto 8GB RAM with RAM Plus | MediaTek Helio P35 Octa-core Processor | 5000 mAh Battery | 13MP Dual Camera","6,999",3.9 out of 5 stars,"₹6,999","Saturday, 13 May"
"OnePlus Nord CE 3 Lite 5G (Chromatic Gray, 8GB RAM, 128GB Storage)","19,999",3.9 out of 5 stars,"₹19,999",
"Samsung Galaxy M14 5G (Smoky Teal, 6GB, 128GB Storage) | 50MP Triple Cam | 6000 mAh Battery | 5nm Octa-Core Processor | 12GB RAM with RAM Plus | Android 13 | Without Charger","14,990",4.1 out of 5 stars,"₹14,990","Saturday, 13 May"
"Samsung Galaxy M04 Light Green, 4GB RAM, 64GB Storage | Upto 8GB RAM with RAM Plus | MediaTek Helio P35 Octa-core Processor | 5000 mAh Battery | 13MP Dual Camera","6,999",3.9 out of 5 stars,"₹6,999","Saturday, 13 May"
realme narzo 50i Prime (Dark Blue 4GB RAM+64GB Storage) Octa-core Processor | 5000 mAh Battery,"7,999",4.0 out of 5 stars,"₹7,999","Monday, 15 May"
"OnePlus Nord CE 2 Lite 5G (Black Dusk, 6GB RAM, 128GB Storage)","18,990",4.2 out of 5 stars,"₹18,990","Saturday, 13 May"
"Nokia G21 Android Smartphone, Dual SIM, 3-Day Battery Life, 6GB RAM + 128GB Storage, 50MP Triple AI Camera | Nordic Blue","12,999",4.0 out of 5 stars,"₹12,999","Saturday, 13 May"
"Redmi K50i 5G (Quick Silver, 6GB RAM, 128GB Storage) | Flagship Mediatek Dimensity 8100 Processor | 144Hz Liquid FFS Display","20,999",4.0 out of 5 stars,"₹20,999","Saturday, 13 May"
"Redmi 12C (Mint Green, 4GB RAM, 64GB Storage) | High Performance Mediatek Helio G85 | Big 17cm(6.71) HD+ Display with 5000mAh(typ) Battery with 10W Charger in-Box","8,999",3.9 out of 5 stars,"₹8,999","Sunday, 14 May"
"Samsung Galaxy M13 (Midnight Blue, 4GB, 64GB Storage) | 6000mAh Battery | Upto 8GB RAM with RAM Plus","9,699",4.1 out of 5 stars,"₹9,699","Saturday, 13 May"
"Redmi A1 (Light Green, 2GB RAM 32GB ROM) | Segment Best AI Dual Cam | 5000mAh Battery | Leather Texture Design | Android 12","5,699",4.0 out of 5 stars,"₹5,699","Saturday, 13 May"
"Redmi 10A (Slate Grey, 4GB RAM, 64GB Storage) | 2 Ghz Octa Core Helio G25 | 5000 mAh Battery | Finger Print Sensor | Upto 5GB RAM with RAM Booster","8,499",4.0 out of 5 stars,"₹8,499","Saturday, 13 May"
"Samsung Galaxy M33 5G (Mystique Green, 6GB, 128GB Storage) | 6000mAh Battery | Upto 12GB RAM with RAM Plus | Without Charger","15,999",4.1 out of 5 stars,"₹15,999","Saturday, 13 May"
"Nokia C12 Android 12 (Go Edition) Smartphone, All-Day Battery, 4GB RAM (2GB RAM + 2GB Virtual RAM) + 64GB Capacity | Light Mint","5,699",3.2 out of 5 stars,"₹5,699","Saturday, 13 May"
"Samsung Galaxy M13 (Midnight Blue, 6GB, 128GB Storage) | 6000mAh Battery | Upto 12GB RAM with RAM Plus","11,699",4.1 out of 5 stars,"₹11,699",
"realme narzo N55 (Prime Blue, 6GB+128GB) 33W Segment Fastest Charging | Super High-res 64MP Primary AI Camera","12,999",4.3 out of 5 stars,"₹12,999","Saturday, 13 May"
"Redmi 10 Power (Power Black, 8GB RAM, 128GB Storage)","12,499",4.1 out of 5 stars,"₹12,499","Saturday, 13 May"
"Tecno Spark 9 (Sky Mirror, 6GB RAM,128GB Storage) | 11GB Expandable RAM | Helio G37 Gaming Processor","9,499",3.9 out of 5 stars,"₹9,499",
"Redmi 11 Prime (Flashy Black, 4GB RAM, 64GB Storage) | Prime Design | High Performance Helio G99 | 50 MP AI Triple Cam | 5000 mAh | 22.5W","10,999",3.9 out of 5 stars,"₹10,999","Saturday, 13 May"
Redmi Note 12 5G Matte Black 4GB RAM 128GB ROM | 1st Phone with 120Hz Super AMOLED and Snapdragon® 4 Gen 1 | 48MP AI Triple Camera,"17,999",3.8 out of 5 stars,"₹17,999","Saturday, 13 May"
"Samsung Galaxy M14 5G (ICY Silver, 4GB, 128GB Storage) | 50MP Triple Cam | 6000 mAh Battery | 5nm Octa-Core Processor | Android 13 | Without Charger","13,990",4.1 out of 5 stars,"₹13,990","Sunday, 14 May"
realme narzo 50i Prime (Mint Green 3GB RAM+32GB Storage) Octa-core Processor | 5000 mAh Battery,"6,999",4.0 out of 5 stars,"₹6,999","Saturday, 13 May"
"Lava Blaze 5G (Glass Green, 6GB RAM, UFS 2.2 128GB Storage) | 5G Ready | 50MP AI Triple Camera | Upto 11GB Expandable RAM | Charger Included | Clean Android (No Bloatware)","11,998",4.1 out of 5 stars,"₹11,998","Saturday, 13 May"
"realme narzo 50A Prime (Flash Blue, 4GB RAM+128GB Storage) FHD+ Display | 50MP AI Triple Camera| Charger Included","11,999",4.0 out of 5 stars,"₹11,999","Saturday, 13 May"
"realme narzo 50 5G (Hyper Blue, 4GB RAM+64GB Storage) Dimensity 810 5G Processor | 48MP Ultra HD Camera","13,799",4.2 out of 5 stars,"₹13,799","Saturday, 13 May"
"realme narzo N55 (Prime Blue, 4GB+64GB) 33W Segment Fastest Charging | Super High-res 64MP Primary AI Camera","10,999",4.3 out of 5 stars,"₹10,999","Saturday, 13 May"
"OnePlus 11R 5G (Sonic Black, 16GB RAM, 256GB Storage)","44,999",4.4 out of 5 stars,"₹44,999","Saturday, 13 May"
"OnePlus Nord 2T 5G (Gray Shadow, 8GB RAM, 128GB Storage)","28,998",4.3 out of 5 stars,"₹28,998","Saturday, 13 May"
"Redmi K50i 5G (Quick Silver, 6GB RAM, 128GB Storage) | Flagship Mediatek Dimensity 8100 Processor | 144Hz Liquid FFS Display","20,999",4.0 out of 5 stars,"₹20,999","Saturday, 13 May"
"Redmi 12C (Mint Green, 4GB RAM, 64GB Storage) | High Performance Mediatek Helio G85 | Big 17cm(6.71) HD+ Display with 5000mAh(typ) Battery with 10W Charger in-Box","8,999",3.9 out of 5 stars,"₹8,999","Sunday, 14 May"
"realme narzo N55 (Prime Black, 6GB+128GB) 33W Segment Fastest Charging | Super High-res 64MP Primary AI Camera","12,999",4.3 out of 5 stars,"₹12,999","Saturday, 13 May"
"Redmi 11 Prime 5G (Thunder Black, 4GB RAM, 64GB Storage) | Prime Design | MTK Dimensity 700 | 50 MP Dual Cam | 5000mAh | 7 Band 5G","13,999",3.9 out of 5 stars,"₹13,999","Saturday, 13 May"
"OnePlus Nord CE 3 Lite 5G (Chromatic Gray, 8GB RAM, 256GB Storage)","21,999",3.9 out of 5 stars,"₹21,999","Saturday, 13 May"
"OnePlus Nord CE 3 Lite 5G (Pastel Lime, 8GB RAM, 128GB Storage)","19,999",3.9 out of 5 stars,"₹19,999","Saturday, 13 May"
"Redmi 11 Prime 5G (Chrome Silver, 4GB RAM 64GB ROM) | Prime Design | MTK Dimensity 700 | 50 MP Dual Cam | 5000mAh | 7 Band 5G","13,999",3.9 out of 5 stars,"₹13,999","Saturday, 13 May"
"OnePlus Nord CE 2 Lite 5G (Blue Tide, 6GB RAM, 128GB Storage)","18,999",4.2 out of 5 stars,"₹18,999","Saturday, 13 May"
"OnePlus 11R 5G (Galactic Silver, 16GB RAM, 256GB Storage)","44,999",4.4 out of 5 stars,"₹44,999","Saturday, 13 May"
"OnePlus Nord CE 3 Lite 5G (Pastel Lime, 8GB RAM, 256GB Storage)","21,999",3.9 out of 5 stars,"₹21,999","Saturday, 13 May"
"Tecno Spark 9 (Sky Mirror, 6GB RAM,128GB Storage) | 11GB Expandable RAM | Helio G37 Gaming Processor","9,499",3.9 out of 5 stars,"₹9,499",
"Redmi 11 Prime (Flashy Black, 4GB RAM, 64GB Storage) | Prime Design | High Performance Helio G99 | 50 MP AI Triple Cam | 5000 mAh | 22.5W","10,999",3.9 out of 5 stars,"₹10,999","Saturday, 13 May"
Redmi Note 12 5G Matte Black 4GB RAM 128GB ROM | 1st Phone with 120Hz Super AMOLED and Snapdragon® 4 Gen 1 | 48MP AI Triple Camera,"17,999",3.8 out of 5 stars,"₹17,999","Saturday, 13 May"
"Nokia C12 Android 12 (Go Edition) Smartphone, All-Day Battery, 4GB RAM (2GB RAM + 2GB Virtual RAM) + 64GB Capacity | Light Mint","5,699",3.2 out of 5 stars,"₹5,699","Saturday, 13 May"
"Redmi 12C (Royal Blue, 4GB RAM, 64GB Storage) | High Performance Mediatek Helio G85 | Big 17cm(6.71) HD+ Display with 5000mAh(typ) Battery with 10W Charger in-Box","8,999",3.9 out of 5 stars,"₹8,999","Saturday, 13 May"
"realme narzo 50 (Speed Black, 4GB RAM+64GB Storage) Helio G96 Processor | 50MP AI Triple Camera | 120Hz Ultra Smooth Display","10,999",4.2 out of 5 stars,"₹10,999","Saturday, 13 May"
"Lava Blaze 5G (Glass Green, 6GB RAM, UFS 2.2 128GB Storage) | 5G Ready | 50MP AI Triple Camera | Upto 11GB Expandable RAM | Charger Included | Clean Android (No Bloatware)","11,998",4.1 out of 5 stars,"₹11,998","Saturday, 13 May"
"Samsung Galaxy M14 5G (Berry Blue, 6GB, 128GB Storage) | 50MP Triple Cam | 6000 mAh Battery | 5nm Octa-Core Processor | 12GB RAM with RAM Plus | Android 13 | Without Charger","14,990",4.1 out of 5 stars,"₹14,990","Saturday, 13 May"
"Redmi 9 Activ (Coral Green, 4GB RAM, 64GB Storage)| Octa-core Helio G35 | 5000 mAh Battery","9,499",4.1 out of 5 stars,"₹9,499","Saturday, 13 May"
"Nokia C12 Android 12 (Go Edition) Smartphone, All-Day Battery, 4GB RAM (2GB RAM + 2GB Virtual RAM) + 64GB Capacity | Charcoal","5,699",3.2 out of 5 stars,"₹5,699","Saturday, 13 May"
"Redmi 9A Sport (Carbon Black, 2GB RAM, 32GB Storage) | 2GHz Octa-core Helio G25 Processor | 5000 mAh Battery","6,499",4.1 out of 5 stars,"₹6,499","Saturday, 13 May"
"Redmi K50i 5G (Quick Silver, 6GB RAM, 128GB Storage) | Flagship Mediatek Dimensity 8100 Processor | 144Hz Liquid FFS Display","20,999",4.0 out of 5 stars,"₹20,999","Saturday, 13 May"
"Redmi 12C (Mint Green, 4GB RAM, 64GB Storage) | High Performance Mediatek Helio G85 | Big 17cm(6.71) HD+ Display with 5000mAh(typ) Battery with 10W Charger in-Box","8,999",3.9 out of 5 stars,"₹8,999","Sunday, 14 May"
"OnePlus 11R 5G (Galactic Silver, 16GB RAM, 256GB Storage)","44,999",4.4 out of 5 stars,"₹44,999","Saturday, 13 May"
"Nokia C12 Android 12 (Go Edition) Smartphone, All-Day Battery, 4GB RAM (2GB RAM + 2GB Virtual RAM) + 64GB Capacity | Dark Cyan","5,699",3.2 out of 5 stars,"₹5,699","Saturday, 13 May"
"OnePlus Nord 2T 5G (Jade Fog, 8GB RAM, 128GB Storage)","28,999",4.3 out of 5 stars,"₹28,999","Saturday, 13 May"
"Tecno Spark 9 (Infinity Black, 4GB RAM,64GB Storage) | 7GB Expandable RAM | Helio G37 Gaming Processor","7,799",3.9 out of 5 stars,"₹7,799","Saturday, 13 May"
"Redmi 11 Prime 5G (Thunder Black, 4GB RAM, 64GB Storage) | Prime Design | MTK Dimensity 700 | 50 MP Dual Cam | 5000mAh | 7 Band 5G","13,999",3.9 out of 5 stars,"₹13,999","Saturday, 13 May"
"Redmi 12C (Mint Green, 4GB RAM, 64GB Storage) | High Performance Mediatek Helio G85 | Big 17cm(6.71) HD+ Display with 5000mAh(typ) Battery with 10W Charger in-Box","8,999",3.9 out of 5 stars,"₹8,999","Sunday, 14 May"
"Samsung Galaxy M53 5G (Mystique Green, 8GB, 128GB Storage) | 108MP | sAmoled+ 120Hz | 16GB RAM with RAM Plus | Without Charger","23,999",3.9 out of 5 stars,"₹23,999","Saturday, 13 May"
"Redmi 11 Prime (Flashy Black, 4GB RAM, 64GB Storage) | Prime Design | High Performance Helio G99 | 50 MP AI Triple Cam | 5000 mAh | 22.5W","10,999",3.9 out of 5 stars,"₹10,999","Saturday, 13 May"
"Tecno Spark 9 (Sky Mirror, 6GB RAM,128GB Storage) | 11GB Expandable RAM | Helio G37 Gaming Processor","9,499",3.9 out of 5 stars,"₹9,499",
"Redmi 11 Prime (Flashy Black, 4GB RAM, 64GB Storage) | Prime Design | High Performance Helio G99 | 50 MP AI Triple Cam | 5000 mAh | 22.5W","10,999",3.9 out of 5 stars,"₹10,999","Saturday, 13 May"
Redmi Note 12 5G Matte Black 4GB RAM 128GB ROM | 1st Phone with 120Hz Super AMOLED and Snapdragon® 4 Gen 1 | 48MP AI Triple Camera,"17,999",3.8 out of 5 stars,"₹17,999","Saturday, 13 May"
"Redmi 12C (Matte Black, 6GB RAM, 128GB Storage) | High Performance Mediatek Helio G85 | Big 17cm(6.71) HD+ Display with 5000mAh(typ) Battery with 10W Charger in-Box","10,999",3.9 out of 5 stars,"₹10,999","Saturday, 13 May"
"Redmi Note 11T 5G (Stardust White, 8GB RAM, 128GB ROM) | Dimensity 810 5G | 33W Pro Fast Charging | Charger Included | Additional Exchange Offers| Get 2 Months of YouTube Premium Free!","18,499",4.1 out of 5 stars,"₹18,499","Saturday, 13 May"
"Redmi 9A Sport (Coral Green, 2GB RAM, 32GB Storage) | 2GHz Octa-core Helio G25 Processor | 5000 mAh Battery","6,499",4.1 out of 5 stars,"₹6,499","Sunday, 14 May"
"OPPO A15s (Fancy White, 4GB, 128GB Storage) AI Triple Camera | 6.52"" HD+ Screen | 2.3GHz Mediatek Helio P35 Octa Core Processor","11,490",4.2 out of 5 stars,"₹11,490",
"Redmi 12C (Lavender Purple, 6GB RAM, 128GB Storage) | High Performance Mediatek Helio G85 | Big 17cm(6.71) HD+ Display with 5000mAh(typ) Battery with 10W Charger in-Box","10,999",3.9 out of 5 stars,"₹10,999","Saturday, 13 May"
"Samsung Galaxy M33 5G (Deep Ocean Blue, 6GB, 128GB Storage) | 6000mAh Battery | Upto 12GB RAM with RAM Plus | Without Charger","15,999",4.1 out of 5 stars,"₹15,999","Saturday, 13 May"
"Lava Blaze 5G (Glass Green, 4GB RAM, UFS 2.2 128GB Storage) | 5G Ready | 50MP AI Triple Camera | Upto 7GB Expandable RAM | Charger Included | Clean Android (No Bloatware)","10,999",4.1 out of 5 stars,"₹10,999","Saturday, 13 May"
"Samsung Galaxy M04 Light Green, 4GB RAM, 128GB Storage | Upto 8GB RAM with RAM Plus | MediaTek Helio P35 Octa-core Processor | 5000 mAh Battery | 13MP Dual Camera","7,999",3.9 out of 5 stars,"₹7,999","Saturday, 13 May"
"Redmi K50i 5G (Quick Silver, 6GB RAM, 128GB Storage) | Flagship Mediatek Dimensity 8100 Processor | 144Hz Liquid FFS Display","20,999",4.0 out of 5 stars,"₹20,999","Saturday, 13 May"
"Redmi 12C (Mint Green, 4GB RAM, 64GB Storage) | High Performance Mediatek Helio G85 | Big 17cm(6.71) HD+ Display with 5000mAh(typ) Battery with 10W Charger in-Box","8,999",3.9 out of 5 stars,"₹8,999","Sunday, 14 May"
"Redmi 12C (Lavender Purple, 4GB RAM, 64GB Storage) | High Performance Mediatek Helio G85 | Big 17cm(6.71) HD+ Display with 5000mAh(typ) Battery with 10W Charger in-Box","8,999",3.9 out of 5 stars,"₹8,999","Saturday, 13 May"
"Redmi 9A Sport (Carbon Black, 2GB RAM, 32GB Storage) | 2GHz Octa-core Helio G25 Processor | 5000 mAh Battery","6,499",4.1 out of 5 stars,"₹6,499","Saturday, 13 May"
"Redmi 11 Prime 5G (Thunder Black, 6GB RAM, 128GB Storage) | Prime Design | MTK Dimensity 700 | 50 MP Dual Cam | 5000mAh | 7 Band 5G","15,999",3.9 out of 5 stars,"₹15,999","Saturday, 13 May"
"Redmi 12C (Royal Blue, 6GB RAM, 128GB Storage) | High Performance Mediatek Helio G85 | Big 17cm(6.71) HD+ Display with 5000mAh(typ) Battery with 10W Charger in-Box","10,999",3.9 out of 5 stars,"₹10,999","Saturday, 13 May"
"Samsung Galaxy M14 5G (Berry Blue, 6GB, 128GB Storage) | 50MP Triple Cam | 6000 mAh Battery | 5nm Octa-Core Processor | 12GB RAM with RAM Plus | Android 13 | Without Charger","14,990",4.1 out of 5 stars,"₹14,990","Saturday, 13 May"
"Redmi 11 Prime 5G (Meadow Green, 4GB RAM 64GB ROM) | Prime Design | MTK Dimensity 700 | 50 MP Dual Cam | 5000mAh | 7 Band 5G","13,999",3.9 out of 5 stars,"₹13,999","Saturday, 13 May"
"Vivo Y56 5G (Black Engine, 8GB RAM, 128GB Storage) with No Cost EMI/Additional Exchange Offers","19,999",4.1 out of 5 stars,"₹19,999","Saturday, 13 May"
"Redmi 12C (Mint Green, 4GB RAM, 64GB Storage) | High Performance Mediatek Helio G85 | Big 17cm(6.71) HD+ Display with 5000mAh(typ) Battery with 10W Charger in-Box","8,999",3.9 out of 5 stars,"₹8,999","Sunday, 14 May"
"Tecno Spark 9 (Sky Mirror, 6GB RAM,128GB Storage) | 11GB Expandable RAM | Helio G37 Gaming Processor","9,499",3.9 out of 5 stars,"₹9,499",
"Redmi 11 Prime (Flashy Black, 4GB RAM, 64GB Storage) | Prime Design | High Performance Helio G99 | 50 MP AI Triple Cam | 5000 mAh | 22.5W","10,999",3.9 out of 5 stars,"₹10,999","Saturday, 13 May"
Redmi Note 12 5G Matte Black 4GB RAM 128GB ROM | 1st Phone with 120Hz Super AMOLED and Snapdragon® 4 Gen 1 | 48MP AI Triple Camera,"17,999",3.8 out of 5 stars,"₹17,999","Saturday, 13 May"
"Redmi 11 Prime 5G (Thunder Black, 6GB RAM, 128GB Storage) | Prime Design | MTK Dimensity 700 | 50 MP Dual Cam | 5000mAh | 7 Band 5G","15,999",3.9 out of 5 stars,"₹15,999","Saturday, 13 May"
"Tecno Spark 9 (Sky Mirror, 6GB RAM,128GB Storage) | 11GB Expandable RAM | Helio G37 Gaming Processor","9,499",3.9 out of 5 stars,"₹9,499",
"Redmi Note 11 (Space Black, 4GB RAM, 64GB Storage)|90Hz FHD+ AMOLED Display | Qualcomm® Snapdragon™ 680-6nm | 33W Charger Included","12,990",4.1 out of 5 stars,"₹12,990",
"Redmi 12C (Royal Blue, 6GB RAM, 128GB Storage) | High Performance Mediatek Helio G85 | Big 17cm(6.71) HD+ Display with 5000mAh(typ) Battery with 10W Charger in-Box","10,999",3.9 out of 5 stars,"₹10,999","Saturday, 13 May"
Redmi 9A (Midnight Black 2GB RAM 32GB Storage) | 2GHz Octa-core Helio G25 Processor | 5000 mAh Battery,"7,499",4.1 out of 5 stars,"₹7,499","Saturday, 13 May"
realme Narzo 50 Pro 5G (Hyper Blue 6GB RAM+128GB Storage) Super AMOLED | Advanced Dimensity 920 5G Gaming Processor | 50% Charge in 31 min,"17,999",4.1 out of 5 stars,"₹17,999",
"Tecno Spark 8T (Atlantic Blue, 4GB RAM,64GB Storage)| 50MP AI Camera | 7GB Expandable RAM","8,299",4.0 out of 5 stars,"₹8,299","Saturday, 13 May"
"Samsung Galaxy M33 5G (Mystique Green, 8GB, 128GB Storage) | 6000mAh Battery | Upto 16GB RAM with RAM Plus | Without Charger","17,499",4.1 out of 5 stars,"₹17,499","Saturday, 13 May"
"Redmi K50i 5G (Quick Silver, 6GB RAM, 128GB Storage) | Flagship Mediatek Dimensity 8100 Processor | 144Hz Liquid FFS Display","20,999",4.0 out of 5 stars,"₹20,999","Saturday, 13 May"
"Redmi 12C (Mint Green, 4GB RAM, 64GB Storage) | High Performance Mediatek Helio G85 | Big 17cm(6.71) HD+ Display with 5000mAh(typ) Battery with 10W Charger in-Box","8,999",3.9 out of 5 stars,"₹8,999","Sunday, 14 May"
"realme narzo 50A Prime (Flash Black, 4GB RAM+64GB Storage) Full High Definition+ Display |50MP AI Triple Camera| Charger Included","10,999",4.0 out of 5 stars,"₹10,999","Saturday, 13 May"
"Redmi K50i 5G (Stealth Black, 8GB RAM, 256GB Storage) | Flagship Mediatek Dimensity 8100 Processor | 144Hz Liquid FFS Display | Alexa Built-in","23,999",4.0 out of 5 stars,"₹23,999","Saturday, 13 May"
"Samsung Galaxy M13 5G (Aqua Green, 4GB, 64GB Storage) | 5000mAh Battery | Upto 8GB RAM with RAM Plus","11,499",4.0 out of 5 stars,"₹11,499","Saturday, 13 May"
"Tecno Spark 9 (Sky Mirror, 4GB RAM,64GB Storage) | 7GB Expandable RAM | Helio G37 Gaming Processor","7,799",3.9 out of 5 stars,"₹7,799","Saturday, 13 May"
"realme narzo 50 (Speed Blue, 4GB RAM+64GB Storage) 120Hz Full HD+ Display | 50MP AI Triple Camera | Helio G96 Powerful Gaming Processor","10,999",4.2 out of 5 stars,"₹10,999",
"realme narzo 50 (Speed Black, 6GB RAM+128GB Storage) Helio G96 Processor | 50MP AI Triple Camera | 120Hz Ultra Smooth Display","13,499",4.2 out of 5 stars,"₹13,499","Saturday, 13 May"
"Nokia C01 Plus 4G, 5.45” HD+ Screen, Selfie Camera with Front Flash (Blue)","5,199",3.4 out of 5 stars,"₹5,199","Saturday, 13 May"
"Tecno POP 6 Pro (Peaceful Blue, 2GB RAM,32GB Storage) | Front Flash | 8MP Dual Camera","6,799",4.1 out of 5 stars,"₹6,799",
"Tecno Spark 9 (Sky Mirror, 6GB RAM,128GB Storage) | 11GB Expandable RAM | Helio G37 Gaming Processor","9,499",3.9 out of 5 stars,"₹9,499",
"Redmi 11 Prime (Flashy Black, 4GB RAM, 64GB Storage) | Prime Design | High Performance Helio G99 | 50 MP AI Triple Cam | 5000 mAh | 22.5W","10,999",3.9 out of 5 stars,"₹10,999","Saturday, 13 May"
Redmi Note 12 5G Matte Black 4GB RAM 128GB ROM | 1st Phone with 120Hz Super AMOLED and Snapdragon® 4 Gen 1 | 48MP AI Triple Camera,"17,999",3.8 out of 5 stars,"₹17,999","Saturday, 13 May"
"Redmi 12C (Mint Green, 4GB RAM, 64GB Storage) | High Performance Mediatek Helio G85 | Big 17cm(6.71) HD+ Display with 5000mAh(typ) Battery with 10W Charger in-Box","8,999",3.9 out of 5 stars,"₹8,999","Sunday, 14 May"
"IKALL Z17 6.82 Inch HD+ Display Smartphone (4GB RAM, 64GB Storage) (Dual SIM, 4G Network) (Grey)","7,419",5.0 out of 5 stars,"₹7,419","Saturday, 13 May"
"Redmi 11 Prime (Peppy Purple, 4GB RAM 64GB ROM) | Prime Design | High Performance Helio G99 | 50 MP AI Triple Cam | 5000 mAh | 22.5W","10,999",3.9 out of 5 stars,"₹10,999","Wednesday, 17 May"
"Samsung Galaxy M13 5G (Midnight Blue, 4GB, 64GB Storage) | 5000mAh Battery | Upto 8GB RAM with RAM Plus","11,499",4.1 out of 5 stars,"₹11,499","Saturday, 13 May"
"Tecno Spark 8T (Atlantic Blue, 4GB RAM,64GB Storage)| 50MP AI Camera | 7GB Expandable RAM","8,299",4.0 out of 5 stars,"₹8,299","Saturday, 13 May"
"Redmi 12C (Lavender Purple, 6GB RAM, 128GB Storage) | High Performance Mediatek Helio G85 | Big 17cm(6.71) HD+ Display with 5000mAh(typ) Battery with 10W Charger in-Box","10,999",3.9 out of 5 stars,"₹10,999","Saturday, 13 May"
"Samsung Galaxy M32 Prime Edition (Light Blue, 6GB RAM, 128GB)","15,499",4.1 out of 5 stars,"₹15,499","Saturday, 13 May"
"Samsung Galaxy S20 FE 5G (Cloud Lavender, 8GB RAM, 128GB Storage) with No Cost EMI & Additional Exchange Offers","34,999",4.2 out of 5 stars,"₹34,999","Saturday, 13 May"
"Redmi K50i 5G (Quick Silver, 6GB RAM, 128GB Storage) | Flagship Mediatek Dimensity 8100 Processor | 144Hz Liquid FFS Display","20,999",4.0 out of 5 stars,"₹20,999","Saturday, 13 May"
"Redmi 12C (Mint Green, 4GB RAM, 64GB Storage) | High Performance Mediatek Helio G85 | Big 17cm(6.71) HD+ Display with 5000mAh(typ) Battery with 10W Charger in-Box","8,999",3.9 out of 5 stars,"₹8,999","Sunday, 14 May"
"Lava Blaze 5G (Glass Green, 4GB RAM, UFS 2.2 128GB Storage) | 5G Ready | 50MP AI Triple Camera | Upto 7GB Expandable RAM | Charger Included | Clean Android (No Bloatware)","10,999",4.1 out of 5 stars,"₹10,999","Saturday, 13 May"
"Tecno POVA 4 (Magma Orange,8GB RAM,128GB Storage)| 6nm Helio G99 Processor | 6000mAh Battery 18W Charger Included| 90Hz Refresh Rate | 50MP Rear Camera","11,999",4.0 out of 5 stars,"₹11,999","Saturday, 13 May"
"Lava Blaze 2 (6GB RAM, 128GB Storage) - Glass Blue | 18W Fast Charging | 6.5 inch 90Hz Punch Hole Display | Side Fingerprint Sensor | Upto 11GB Expandable RAM | 5000 mAh Battery","8,999",4.1 out of 5 stars,"₹8,999","Saturday, 13 May"
"Redmi 11 Prime (Playful Green, 4GB RAM, 64GB Storage) | Prime Design | High Performance Helio G99 | 50 MP AI Triple Cam | 5000 mAh | 22.5W","10,999",3.9 out of 5 stars,"₹10,999","Saturday, 13 May"
"Nokia G11 Android 12 Smartphone, Dual SIM, 3-Day Battery Life, 4GB RAM + 64GB Storage, 50MP Dual AI Camera | Charcoal Grey","9,249",3.9 out of 5 stars,"₹9,249","Saturday, 13 May"
"Nokia C01 Plus 4G, 5.45” HD+ Screen, Selfie Camera with Front Flash (Blue)","5,199",3.4 out of 5 stars,"₹5,199","Saturday, 13 May"
"Samsung Galaxy A14 5G (Black, 6GB, 128GB Storage) | Triple Rear Camera (50 MP Main) | Upto 12 GB RAM with RAM Plus | Without Charger","18,999",3.7 out of 5 stars,"₹18,999","Saturday, 13 May"
"iQOO Z7 5G by vivo (Pacific Night, 6GB RAM, 128GB Storage) | Dimensity 920 5G 6nm Processor | 64MP OIS Ultra Stable Camera | Segment's Brightest AMOLED Display | 44W FlashCharge",,4.1 out of 5 stars,,
"Tecno Spark 9 (Sky Mirror, 6GB RAM,128GB Storage) | 11GB Expandable RAM | Helio G37 Gaming Processor","9,499",3.9 out of 5 stars,"₹9,499",
"Redmi 11 Prime (Flashy Black, 4GB RAM, 64GB Storage) | Prime Design | High Performance Helio G99 | 50 MP AI Triple Cam | 5000 mAh | 22.5W","10,999",3.9 out of 5 stars,"₹10,999","Saturday, 13 May"
Redmi Note 12 5G Matte Black 4GB RAM 128GB ROM | 1st Phone with 120Hz Super AMOLED and Snapdragon® 4 Gen 1 | 48MP AI Triple Camera,"17,999",3.8 out of 5 stars,"₹17,999","Saturday, 13 May"
"Samsung Galaxy M14 5G (ICY Silver, 6GB, 128GB Storage)  | 50MP Triple Cam | 6000 mAh Battery | 5nm Octa-Core Processor | 12GB RAM with RAM Plus | Android 13 | Without Charger","14,990",4.1 out of 5 stars,"₹14,990","Saturday, 13 May"
"Oppo A17 (Lake Blue, 4GB RAM, 64GB Storage) with No Cost EMI/Additional Exchange Offers","12,499",4.1 out of 5 stars,"₹12,499","Saturday, 13 May"
"Samsung Galaxy S20 FE 5G (Cloud Lavender, 8GB RAM, 128GB Storage) with No Cost EMI & Additional Exchange Offers","34,999",4.2 out of 5 stars,"₹34,999","Saturday, 13 May"
"realme narzo 50A Prime (Flash Black, 4GB RAM+64GB Storage) Full High Definition+ Display |50MP AI Triple Camera| Charger Included","10,999",4.0 out of 5 stars,"₹10,999","Saturday, 13 May"
Redmi Note 12 5G Mystique Blue 4GB RAM 128GB ROM | 1st Phone with 120Hz Super AMOLED and Snapdragon® 4 Gen 1 | 48MP AI Triple Camera,"17,999",3.8 out of 5 stars,"₹17,999","Saturday, 13 May"
"Vivo Y22 (Starlit Blue, 6GB RAM, 128GB Storage) with No Cost EMI/Additional Exchange Offers","16,499",4.0 out of 5 stars,"₹16,499",
"realme narzo 50 5G (Hyper Blue, 6GB RAM+128GB Storage) Dimensity 810 5G Processor | 48MP Ultra HD Camera","17,999",4.2 out of 5 stars,"₹17,999","Saturday, 13 May"
"Redmi 11 Prime (Flashy Black, 6GB RAM, 128GB Storage) | Prime Design | High Performance Helio G99 | 50 MP AI Triple Cam | 5000 mAh | 22.5W","12,999",3.9 out of 5 stars,"₹12,999","Saturday, 13 May"
"Redmi K50i 5G (Quick Silver, 6GB RAM, 128GB Storage) | Flagship Mediatek Dimensity 8100 Processor | 144Hz Liquid FFS Display","20,999",4.0 out of 5 stars,"₹20,999","Saturday, 13 May"
"Redmi 12C (Mint Green, 4GB RAM, 64GB Storage) | High Performance Mediatek Helio G85 | Big 17cm(6.71) HD+ Display with 5000mAh(typ) Battery with 10W Charger in-Box","8,999",3.9 out of 5 stars,"₹8,999","Sunday, 14 May"
"Samsung Galaxy M32 Prime Edition (Black, 6GB RAM, 128GB)","15,499",4.1 out of 5 stars,"₹15,499","Saturday, 13 May"
"iQOO Z7 5G by vivo (Norway Blue, 6GB RAM, 128GB Storage) | Dimensity 920 5G 6nm Processor | 64MP OIS Ultra Stable Camera | Segment's Brightest AMOLED Display | 44W FlashCharge","18,999",4.1 out of 5 stars,"₹18,999","Saturday, 13 May"
"Vivo V23 5G (Stardust Black, 12GB RAM, 256GB Storage)","27,569",4.0 out of 5 stars,"₹27,569","Saturday, 13 May"
"(Renewed) OnePlus 5 (Midnight Black, 6GB RAM, 64GB Storage)","8,999",2.8 out of 5 stars,"₹8,999","Saturday, 13 May"
"Redmi 10A Sport (Charcoal Black, 6GB RAM, 128GB Storage) | 2 Ghz Octa Cor Helio G25 | 5000 mAh Battery | Finger Print Sensor | Upto 8GB RAM with RAM Booster","10,999",3.8 out of 5 stars,"₹10,999","Saturday, 13 May"
"Vivo Y56 5G (Orange Shimmer, 8GB RAM, 128GB Storage) with No Cost EMI/Additional Exchange Offers","19,999",4.1 out of 5 stars,"₹19,999","Saturday, 13 May"
"realme narzo 50A (Oxygen Green , 4GB RAM + 128 GB Storage) Helio G85 Processor | 6000 mAh Battery","10,499",4.2 out of 5 stars,"₹10,499","Saturday, 13 May"
"Redmi 11 Prime (Playful Green, 4GB RAM, 64GB Storage) | Prime Design | High Performance Helio G99 | 50 MP AI Triple Cam | 5000 mAh | 22.5W","10,999",3.9 out of 5 stars,"₹10,999","Saturday, 13 May"
"Tecno Spark 9 (Sky Mirror, 6GB RAM,128GB Storage) | 11GB Expandable RAM | Helio G37 Gaming Processor","9,499",3.9 out of 5 stars,"₹9,499",
"Redmi 11 Prime (Flashy Black, 4GB RAM, 64GB Storage) | Prime Design | High Performance Helio G99 | 50 MP AI Triple Cam | 5000 mAh | 22.5W","10,999",3.9 out of 5 stars,"₹10,999","Saturday, 13 May"
Redmi Note 12 5G Matte Black 4GB RAM 128GB ROM | 1st Phone with 120Hz Super AMOLED and Snapdragon® 4 Gen 1 | 48MP AI Triple Camera,"17,999",3.8 out of 5 stars,"₹17,999","Saturday, 13 May"
Redmi Note 12 5G Mystique Blue 6GB RAM 128GB ROM | 1st Phone with 120Hz Super AMOLED and Snapdragon® 4 Gen 1 | 48MP AI Triple Camera,"19,999",3.8 out of 5 stars,"₹19,999","Saturday, 13 May"
realme narzo 50i Prime (Mint Green 4GB RAM+64GB Storage) Octa-core Processor |5000 mAh Battery,"7,999",4.0 out of 5 stars,"₹7,999","Saturday, 13 May"
"realme narzo 50A (Oxygen Green , 4GB RAM + 128 GB Storage) Helio G85 Processor | 6000 mAh Battery","10,499",4.2 out of 5 stars,"₹10,499","Saturday, 13 May"
"Poco F1 by Xiaomi (Steel Blue, 6GB RAM, SD 845, 128GB Storage)","11,400",4.3 out of 5 stars,"₹11,400","Sunday, 14 May"
Redmi Note 12 5G Matte Black 6GB RAM 128GB ROM | 1st Phone with 120Hz Super AMOLED and Snapdragon® 4 Gen 1 | 48MP AI Triple Camera,"19,999",3.8 out of 5 stars,"₹19,999","Saturday, 13 May"
"Vivo Y16 (Stellar Black, 3GB RAM, 64GB Storage) with No Cost EMI/Additional Exchange Offers","10,499",3.8 out of 5 stars,"₹10,499","Saturday, 13 May"
"Vivo Y35 (Dawn Gold, 8GB RAM, 128GB Storage) with No Cost EMI/Additional Exchange Offers","17,499",4.1 out of 5 stars,"₹17,499","Saturday, 13 May"
"Motorola g42 (Atlantic Green, 64 GB) (4 GB RAM)","11,690",3.7 out of 5 stars,"₹11,690","Saturday, 13 May"
"Redmi K50i 5G (Quick Silver, 6GB RAM, 128GB Storage) | Flagship Mediatek Dimensity 8100 Processor | 144Hz Liquid FFS Display","20,999",4.0 out of 5 stars,"₹20,999","Saturday, 13 May"
"Redmi 12C (Mint Green, 4GB RAM, 64GB Storage) | High Performance Mediatek Helio G85 | Big 17cm(6.71) HD+ Display with 5000mAh(typ) Battery with 10W Charger in-Box","8,999",3.9 out of 5 stars,"₹8,999","Sunday, 14 May"
"Redmi 12C (Matte Black, 4GB RAM, 64GB Storage) | High Performance Mediatek Helio G85 | Big 17cm(6.71) HD+ Display with 5000mAh(typ) Battery with 10W Charger in-Box","8,999",3.9 out of 5 stars,"₹8,999","Saturday, 13 May"
"Samsung Galaxy A34 5G (Awesome Graphite, 8GB, 128GB Storage) | 48 MP No Shake Cam (OIS) | IP67 | Gorilla Glass 5 | Voice Focus | Without Charger","30,999",4.0 out of 5 stars,"₹30,999","Saturday, 13 May"
"Tecno POP 7 Pro (Uyuni Blue, 3GB RAM,64GB Storage) | Type C Port | 12MP Dual Camera | Up to 6GB RAM with Memory Fusion","7,299",3.9 out of 5 stars,"₹7,299","Saturday, 13 May"
realme Narzo 50 Pro 5G (Hyper Blue 8GB RAM+128GB Storage) Dimensity 920 5G Processor |90Hz Super AMOLED Display,"19,999",4.1 out of 5 stars,"₹19,999","Saturday, 13 May"
"Redmi Note 10S (Frost White, 6GB RAM, 128GB Storage) - Super Amoled Display | 64 MP Quad Camera | 6 Month Free Screen Replacement (Prime only) | 33W Charger Included","16,499",4.2 out of 5 stars,"₹16,499","Saturday, 13 May"
"Tecno Spark 10 5G (Meta Black, 8GB RAM,256GB Storage)|16GB Expandable RAM | Ultra Clear 50MP Superior Rear Camera| Dimensity 6020 7nm Powerful 5G Processor","14,999",,"₹14,999","Saturday, 13 May"
"Samsung Galaxy M32 Prime Edition (Black, 4GB RAM, 64GB)","13,499",4.1 out of 5 stars,"₹13,499","Saturday, 13 May"
"Redmi 9A Sport (Metallic Blue, 2GB RAM, 32GB Storage) | 2GHz Octa-core Helio G25 Processor | 5000 mAh Battery","6,499",4.1 out of 5 stars,"₹6,499",
"Tecno Spark 9 (Sky Mirror, 6GB RAM,128GB Storage) | 11GB Expandable RAM | Helio G37 Gaming Processor","9,499",3.9 out of 5 stars,"₹9,499",
"Redmi 11 Prime (Flashy Black, 4GB RAM, 64GB Storage) | Prime Design | High Performance Helio G99 | 50 MP AI Triple Cam | 5000 mAh | 22.5W","10,999",3.9 out of 5 stars,"₹10,999","Saturday, 13 May"
Redmi Note 12 5G Matte Black 4GB RAM 128GB ROM | 1st Phone with 120Hz Super AMOLED and Snapdragon® 4 Gen 1 | 48MP AI Triple Camera,"17,999",3.8 out of 5 stars,"₹17,999","Saturday, 13 May"
"Redmi 11 Prime 5G (Chrome Silver, 4GB RAM 64GB ROM) | Prime Design | MTK Dimensity 700 | 50 MP Dual Cam | 5000mAh | 7 Band 5G","13,999",3.9 out of 5 stars,"₹13,999","Saturday, 13 May"
"Samsung Galaxy M32 Prime Edition (Black, 4GB RAM, 64GB)","13,499",4.1 out of 5 stars,"₹13,499","Saturday, 13 May"
"iQOO Neo 6 5G (Maverick Orange, 12GB RAM, 256GB Storage) | Only Snapdragon 870 in The Segment | 50% Charge in Just 12 Mins | 90 FPS Gaming Support*","28,999",4.4 out of 5 stars,"₹28,999","Saturday, 13 May"
"realme narzo 50i (Mint Green, 2GB RAM+32GB Storage) Octa Core Processor | 6.5"" inch Large Display","6,499",4.0 out of 5 stars,"₹6,499","Saturday, 13 May"
"realme narzo 50i (Carbon Black, 2GB RAM+32GB Storage) Octa Core Processor | 6.5"" inch Large Display","6,499",4.0 out of 5 stars,"₹6,499","Saturday, 13 May"
(Renewed) Moto a10(Rose Gold) Dual Sim 1750 mAh Battery,"1,274.00",3.9 out of 5 stars,"₹1,274.15","Saturday, 13 May"
"Redmi 10A Sport (Slate Grey, 6GB RAM, 128GB Storage) | 2 Ghz Octa Cor Helio G25 | 5000 mAh Battery | Finger Print Sensor | Upto 8GB RAM with RAM Booster","10,999",3.8 out of 5 stars,"₹10,999","Saturday, 13 May"
"Lava Blaze 5G (Glass Blue, 4GB RAM, UFS 2.2 128GB Storage) | 5G Ready | 50MP AI Triple Camera | Upto 7GB Expandable RAM | Charger Included | Clean Android (No Bloatware)","10,999",4.1 out of 5 stars,"₹10,999","Saturday, 13 May"
"Redmi K50i 5G (Quick Silver, 6GB RAM, 128GB Storage) | Flagship Mediatek Dimensity 8100 Processor | 144Hz Liquid FFS Display","20,999",4.0 out of 5 stars,"₹20,999","Saturday, 13 May"
"Redmi 12C (Mint Green, 4GB RAM, 64GB Storage) | High Performance Mediatek Helio G85 | Big 17cm(6.71) HD+ Display with 5000mAh(typ) Battery with 10W Charger in-Box","8,999",3.9 out of 5 stars,"₹8,999","Sunday, 14 May"
"Samsung Galaxy M14 5G (Smoky Teal, 4GB, 128GB Storage) | 50MP Triple Cam | 6000 mAh Battery | 5nm Octa-Core Processor | Android 13 | Without Charger","13,990",4.1 out of 5 stars,"₹13,990","Sunday, 14 May"
"Redmi 12C (Mint Green, 6GB RAM, 128GB Storage) | High Performance Mediatek Helio G85 | Big 17cm(6.71) HD+ Display with 5000mAh(typ) Battery with 10W Charger in-Box","10,999",3.9 out of 5 stars,"₹10,999","Saturday, 13 May"
"Redmi 11 Prime (Peppy Purple, 6GB RAM, 128GB Storage) | Prime Design | High Performance Helio G99 | 50 MP AI Triple Cam | 5000 mAh | 22.5W","12,999",3.9 out of 5 stars,"₹12,999","Saturday, 13 May"
"Redmi 10A Sport (Charcoal Black, 6GB RAM, 128GB Storage) | 2 Ghz Octa Cor Helio G25 | 5000 mAh Battery | Finger Print Sensor | Upto 8GB RAM with RAM Booster","10,999",3.8 out of 5 stars,"₹10,999","Saturday, 13 May"
"Tecno POP 7 Pro (Uyuni Blue, 2GB RAM,64GB Storage) | Type C Port | 12MP Dual Camera | Up to 4GB RAM with Memory Fusion","6,799",3.9 out of 5 stars,"₹6,799","Saturday, 13 May"
"Redmi Note 12 5G (Matte Black,8GB RAM, 256GB Storage)","21,999",3.8 out of 5 stars,"₹21,999","Saturday, 13 May"
"Redmi Note 12 5G (Mystique Blue,8GB RAM, 256GB Storage)","21,999",3.8 out of 5 stars,"₹21,999","Saturday, 13 May"
"JioFi Jio Phone Next 32 GB ROM, 2 GB RAM, Blue, Smartphone",,3.6 out of 5 stars,,
"Tecno Spark 9 (Sky Mirror, 6GB RAM,128GB Storage) | 11GB Expandable RAM | Helio G37 Gaming Processor","9,499",3.9 out of 5 stars,"₹9,499",
"Redmi 11 Prime (Flashy Black, 4GB RAM, 64GB Storage) | Prime Design | High Performance Helio G99 | 50 MP AI Triple Cam | 5000 mAh | 22.5W","10,999",3.9 out of 5 stars,"₹10,999","Saturday, 13 May"
Redmi Note 12 5G Matte Black 4GB RAM 128GB ROM | 1st Phone with 120Hz Super AMOLED and Snapdragon® 4 Gen 1 | 48MP AI Triple Camera,"17,999",3.8 out of 5 stars,"₹17,999","Saturday, 13 May"
"Itel P40 (6000mAh Battery with Fast Charging | 2GB RAM + 64GB ROM, Up to 4GB RAM with Memory Fusion | 13MP AI Dual Rear Camera) - Luxurious Gold","6,499",4.6 out of 5 stars,"₹6,499","Saturday, 13 May"
"realme C30s (Stripe Blue, 4GB RAM, 64GB Storage)","8,473",3.8 out of 5 stars,"₹8,473","Sunday, 14 May"
"IKALL Z17 6.82 Inch HD+ Display Smartphone (4GB RAM, 64GB Storage) (Dual SIM, 4G Network) (Grey)","7,419",5.0 out of 5 stars,"₹7,419","Saturday, 13 May"
"Motorola g42 (Atlantic Green, 64 GB) (4 GB RAM)","11,690",3.7 out of 5 stars,"₹11,690","Saturday, 13 May"
"Redmi K50i 5G (Quick Silver, 6GB RAM, 128GB Storage) | Flagship Mediatek Dimensity 8100 Processor | 144Hz Liquid FFS Display","20,999",4.0 out of 5 stars,"₹20,999","Saturday, 13 May"
"Samsung Galaxy M32 5G (Slate Black, 8GB RAM, 128GB Storage) | Dimensity 720 Processor | 5000mAh Battery| Knox Security","16,999",4.1 out of 5 stars,"₹16,999","Wednesday, 17 May"
"Oppo F21s Pro 5G (Starlight Black, 8GB RAM, 128 Storage)|6.43"" FHD+ AMOLED|64MP Rear Triple AI Camera|4500 mAh Battery with 33W SUPERVOOC Charger|with No Cost EMI/Additional Exchange Offers","25,999",4.0 out of 5 stars,"₹25,999","Saturday, 13 May"
"Redmi Note 9 Pro (Interstellar Black, 4GB RAM, 64GB Storage)- Latest 8nm Snapdragon 720G & Alexa Hands-Free","14,999",4.3 out of 5 stars,"₹14,999","Wednesday, 17 May"
"Redmi K50i 5G (Quick Silver, 6GB RAM, 128GB Storage) | Flagship Mediatek Dimensity 8100 Processor | 144Hz Liquid FFS Display","20,999",4.0 out of 5 stars,"₹20,999","Saturday, 13 May"
"Redmi 12C (Mint Green, 4GB RAM, 64GB Storage) | High Performance Mediatek Helio G85 | Big 17cm(6.71) HD+ Display with 5000mAh(typ) Battery with 10W Charger in-Box","8,999",3.9 out of 5 stars,"₹8,999","Sunday, 14 May"
"Samsung Galaxy A23 5G, Silver (8GB, 128GB Storage) with Offer","24,999",3.6 out of 5 stars,"₹24,999","Saturday, 13 May"
SHIVANSH Micromax Bolt Q346 1GB RAM 8GB ROM 4.5 INCH Display 3G Smartphone,"2,490",2.0 out of 5 stars,"₹2,490","Sunday, 14 May"
Redmi Note 12 5G Matte Black 4GB RAM 128GB ROM | 1st Phone with 120Hz Super AMOLED and Snapdragon® 4 Gen 1 | 48MP AI Triple Camera,"17,999",3.8 out of 5 stars,"₹17,999","Saturday, 13 May"
"Vivo Y16 (Drizzling Gold, 4GB RAM, 64GB Storage) with No Cost EMI/Additional Exchange Offers","12,499",4.0 out of 5 stars,"₹12,499","Saturday, 13 May"
"Vivo Y100 5G (Twilight Gold, 8GB RAM, 128GB Storage) with No Cost EMI/Additional Exchange Offers","24,999",4.2 out of 5 stars,"₹24,999","Saturday, 13 May"
"Vivo Y100 5G (Pacific Blue, 8GB RAM, 128GB Storage) with No Cost EMI/Additional Exchange Offers","24,999",4.2 out of 5 stars,"₹24,999","Saturday, 13 May"
"Redmi K50i 5G (Stealth Black, 6GB RAM, 128GB Storage) | Flagship Mediatek Dimensity 8100 Processor | 144Hz Liquid FFS Display | Alexa Built-in","20,999",4.0 out of 5 stars,"₹20,999","Saturday, 13 May"
"Oppo A77s (Sunset Orange, 8GB RAM, 128 Storage) with No Cost EMI/Additional Exchange Offers","17,999",3.9 out of 5 stars,"₹17,999","Saturday, 13 May"
"Tecno Spark 9 (Sky Mirror, 6GB RAM,128GB Storage) | 11GB Expandable RAM | Helio G37 Gaming Processor","9,499",3.9 out of 5 stars,"₹9,499",
"Redmi 11 Prime (Flashy Black, 4GB RAM, 64GB Storage) | Prime Design | High Performance Helio G99 | 50 MP AI Triple Cam | 5000 mAh | 22.5W","10,999",3.9 out of 5 stars,"₹10,999","Saturday, 13 May"
Redmi Note 12 5G Matte Black 4GB RAM 128GB ROM | 1st Phone with 120Hz Super AMOLED and Snapdragon® 4 Gen 1 | 48MP AI Triple Camera,"17,999",3.8 out of 5 stars,"₹17,999","Saturday, 13 May"
CAUL Dual sim Keypad Mobile Phone with Wireless FM Radio Memory Card Slot Battery 2000 Light Green | C2430GREEN,"1,199",,"₹1,199","Sunday, 14 May"
(Renewed) Moto a10(Rose Gold) Dual Sim 1750 mAh Battery,"1,274.00",3.9 out of 5 stars,"₹1,274.15","Saturday, 13 May"
"(Renewed) OnePlus 5 (Midnight Black, 6GB RAM, 64GB Storage)","8,999",2.8 out of 5 stars,"₹8,999","Saturday, 13 May"
"Vivo Y22 (Metaverse Green, 6GB RAM, 128GB Storage) with No Cost EMI/Additional Exchange Offers","16,499",4.0 out of 5 stars,"₹16,499","Sunday, 14 May"
"IKALL Z17 6.82 Inch HD+ Display Smartphone (4GB RAM, 64GB Storage) (Dual SIM, 4G Network) (Grey)","7,419",5.0 out of 5 stars,"₹7,419","Saturday, 13 May"
"Poco C51 (Royal Blue, 64 GB) (4 GB RAM)","7,979",,"₹7,979","Thursday, 18 May"
"iQOO Z6 Lite 5G (Mystic Night, 6GB RAM, 128GB Storage) with Charger | World's First Snapdragon 4 Gen 1 | Best in-Segment 120Hz Refresh Rate | Travel Adaptor Included in The Box","14,999",4.0 out of 5 stars,"₹14,999","Saturday, 13 May"
SHIVANSH Wizphone 4G Android Mobile (WP005+) 1GB RAM 8GB ROM 5 INCH 4G Volte Smartphone,"2,790",,"₹2,790","Sunday, 14 May"
"Redmi K50i 5G (Quick Silver, 6GB RAM, 128GB Storage) | Flagship Mediatek Dimensity 8100 Processor | 144Hz Liquid FFS Display","20,999",4.0 out of 5 stars,"₹20,999","Saturday, 13 May"
"Redmi 12C (Mint Green, 4GB RAM, 64GB Storage) | High Performance Mediatek Helio G85 | Big 17cm(6.71) HD+ Display with 5000mAh(typ) Battery with 10W Charger in-Box","8,999",3.9 out of 5 stars,"₹8,999","Sunday, 14 May"
"(Renewed) Samsung Galaxy M31 (Ocean Blue, 6GB RAM, 64GB Storage)","8,999",3.5 out of 5 stars,"₹8,999","Friday, 19 May"
Redmi Note 12 5G Frosted Green 4GB RAM 128GB ROM | 1st Phone with 120Hz Super AMOLED and Snapdragon® 4 Gen 1 | 48MP AI Triple Camera,"17,999",3.8 out of 5 stars,"₹17,999","Saturday, 13 May"
SHIVANSH Lyf Flame 1 4.5 inch Display 1 Gb Ram 8Gb ROM 4G Volte Smartphone for Jio and Other 4G Network (Color depnd on Stock),"2,820",1.0 out of 5 stars,"₹2,820","Sunday, 14 May"
"realme C30s (Stripe Blue, 4GB RAM, 64GB Storage)","8,473",3.8 out of 5 stars,"₹8,473","Sunday, 14 May"
"iQOO Z7 5G by vivo (Norway Blue, 8GB RAM, 128GB Storage) | Dimensity 920 5G 6nm Processor | 64MP OIS Ultra Stable Camera | Segment's Brightest AMOLED Display | 44W FlashCharge","19,999",4.1 out of 5 stars,"₹19,999","Saturday, 13 May"
"Samsung Galaxy A23 5G, Silver (8GB, 128GB Storage) with Offer","24,999",3.6 out of 5 stars,"₹24,999","Saturday, 13 May"
"Lava Blaze 2 (6GB RAM, 128GB Storage) - Glass Orange | 18W Fast Charging | 6.5 inch 90Hz Punch Hole Display | Side Fingerprint Sensor | Upto 11GB Expandable RAM | 5000 mAh Battery","8,999",4.1 out of 5 stars,"₹8,999","Saturday, 13 May"
Redmi 10 Prime (Astral White 4GB RAM 64GB ROM |Helio G88 with extendable RAM Upto 2GB |FHD+ 90Hz Adaptive Sync Display),"11,499",4.1 out of 5 stars,"₹11,499","Saturday, 13 May"
"Tecno Spark 9 (Sky Mirror, 6GB RAM,128GB Storage) | 11GB Expandable RAM | Helio G37 Gaming Processor","9,499",3.9 out of 5 stars,"₹9,499",
"Redmi 11 Prime (Flashy Black, 4GB RAM, 64GB Storage) | Prime Design | High Performance Helio G99 | 50 MP AI Triple Cam | 5000 mAh | 22.5W","10,999",3.9 out of 5 stars,"₹10,999","Saturday, 13 May"
Redmi Note 12 5G Matte Black 4GB RAM 128GB ROM | 1st Phone with 120Hz Super AMOLED and Snapdragon® 4 Gen 1 | 48MP AI Triple Camera,"17,999",3.8 out of 5 stars,"₹17,999","Saturday, 13 May"
"Motorola g42 (Atlantic Green, 64 GB) (4 GB RAM)","11,690",3.7 out of 5 stars,"₹11,690","Saturday, 13 May"
"Oppo A77s (Starry Black, 8GB RAM, 128 Storage) with No Cost EMI/Additional Exchange Offers","17,999",3.9 out of 5 stars,"₹17,999","Saturday, 13 May"
"POCO C55 (Cool Blue, 128 GB) (6 GB RAM)",,5.0 out of 5 stars,,
"Vivo Y35 (Agate Black, 8GB RAM, 128GB Storage) with No Cost EMI/Additional Exchange Offers","17,499",4.1 out of 5 stars,"₹17,499","Saturday, 13 May"
"Redmi K50i 5G (Quick Silver, 6GB RAM, 128GB Storage) | Flagship Mediatek Dimensity 8100 Processor | 144Hz Liquid FFS Display","20,999",4.0 out of 5 stars,"₹20,999","Saturday, 13 May"
"Samsung Galaxy A14 5G (Light Green, 8GB, 128GB Storage) | Triple Rear Camera (50 MP Main) | Upto 16 GB RAM with RAM Plus | Without Charger","20,999",3.7 out of 5 stars,"₹20,999","Saturday, 13 May"
"realme narzo 50 5G (Hyper Blue, 4GB RAM+128GB Storage) Dimensity 810 5G Processor | 48MP Ultra HD Camera","16,999",4.2 out of 5 stars,"₹16,999","Saturday, 13 May"
"realme C33 (Aqua Blue, 4GB RAM, 64GB Storage)",,3.7 out of 5 stars,,
"Redmi K50i 5G (Quick Silver, 6GB RAM, 128GB Storage) | Flagship Mediatek Dimensity 8100 Processor | 144Hz Liquid FFS Display","20,999",4.0 out of 5 stars,"₹20,999","Saturday, 13 May"
"Redmi 12C (Mint Green, 4GB RAM, 64GB Storage) | High Performance Mediatek Helio G85 | Big 17cm(6.71) HD+ Display with 5000mAh(typ) Battery with 10W Charger in-Box","8,999",3.9 out of 5 stars,"₹8,999","Sunday, 14 May"
"Oppo F21s Pro 5G (Starlight Black, 8GB RAM, 128 Storage)|6.43"" FHD+ AMOLED|64MP Rear Triple AI Camera|4500 mAh Battery with 33W SUPERVOOC Charger|with No Cost EMI/Additional Exchange Offers","25,999",4.0 out of 5 stars,"₹25,999","Saturday, 13 May"
"(Renewed) Redmi Note 9 Pro (Interstellar Black, 4GB RAM, 64GB Storage)- Latest 8nm Snapdragon 720G & Alexa Hands-Free","11,999",3.4 out of 5 stars,"₹11,999","Sunday, 14 May"
"Motorola Moto g51 5G (RAM-4GB,Internal Memory-64GB, Color-Indigo Blue)","14,499",3.8 out of 5 stars,"₹14,499","Tuesday, 16 May"
"(Renewed) Nokia G21 Android Smartphone, Dual SIM, 3-Day Battery Life, 6GB RAM + 128GB Storage, 50MP Triple AI Camera | Nordic Blue","11,049.00",3.6 out of 5 stars,"₹11,049.15","Thursday, 18 May"
"Samsung Galaxy A73 5G Awesome Mint, 8GB RAM, 128GB Storage","41,999",3.8 out of 5 stars,"₹41,999","Saturday, 13 May"
"Itel P40 (6000mAh Battery with Fast Charging | 2GB RAM + 64GB ROM, Up to 4GB RAM with Memory Fusion | 13MP AI Dual Rear Camera) - Force Black","6,499",4.6 out of 5 stars,"₹6,499","Saturday, 13 May"
(Renewed) Moto a10(Rose Gold) Dual Sim 1750 mAh Battery,"1,274.00",3.9 out of 5 stars,"₹1,274.15","Saturday, 13 May"
"Samsung Galaxy M14 5G (Berry Blue, 6GB, 128GB Storage) | 50MP Triple Cam | 6000 mAh Battery | 5nm Octa-Core Processor | 12GB RAM with RAM Plus | Android 13 | Without Charger","14,990",4.1 out of 5 stars,"₹14,990","Saturday, 13 May"
"Tecno Spark 9 (Sky Mirror, 6GB RAM,128GB Storage) | 11GB Expandable RAM | Helio G37 Gaming Processor","9,499",3.9 out of 5 stars,"₹9,499",
"Redmi 11 Prime (Flashy Black, 4GB RAM, 64GB Storage) | Prime Design | High Performance Helio G99 | 50 MP AI Triple Cam | 5000 mAh | 22.5W","10,999",3.9 out of 5 stars,"₹10,999","Saturday, 13 May"
Redmi Note 12 5G Matte Black 4GB RAM 128GB ROM | 1st Phone with 120Hz Super AMOLED and Snapdragon® 4 Gen 1 | 48MP AI Triple Camera,"17,999",3.8 out of 5 stars,"₹17,999","Saturday, 13 May"
LYF Earth 1 (White),"3,899",2.2 out of 5 stars,"₹3,899","Monday, 15 May"
"Vivo Y22 (Metaverse Green, 4GB RAM, 128GB Storage) with No Cost EMI/Additional Exchange Offers","14,999",,"₹14,999","Saturday, 13 May"
Blackberry Corporation 32GB KEYone 4G LTE Single SIM Smartphone (Silver),"23,999",3.8 out of 5 stars,"₹23,999","Wednesday, 17 May"
"Tecno Spark 10 (Meta Black, 8GB RAM,128GB Storage)|16GB Expandable RAM | 50MP AI Dual Rear Camera| 90Hz Refresh Rate 6.56"" HD+Dot Display","11,699",,"₹11,699","Saturday, 13 May"
"IKALL Z12 4G Smartphone with 4GB RAM, 64 Internal Memory (6.53 Inch HD+ Display) (Jude Green)","6,799",2.4 out of 5 stars,"₹6,799","Saturday, 13 May"
"SHIVANSH Celkon Cliq 2 (Champagne Gold), 32 GB (3 GB RAM) 4G Volte Smartphone for All 4G SIM","4,690",1.0 out of 5 stars,"₹4,690","Sunday, 14 May"
"Motorola E7 Power (Tahiti Blue, 64 GB) (4 GB RAM)","9,350",3.9 out of 5 stars,"₹9,350","Monday, 15 May"
"Vivo Y02 (Cosmic Grey, 3GB RAM, 32GB Storage) with No Cost EMI/Additional Exchange Offers","8,999",3.7 out of 5 stars,"₹8,999",
"Redmi K50i 5G (Quick Silver, 6GB RAM, 128GB Storage) | Flagship Mediatek Dimensity 8100 Processor | 144Hz Liquid FFS Display","20,999",4.0 out of 5 stars,"₹20,999","Saturday, 13 May"
"Redmi 12C (Mint Green, 4GB RAM, 64GB Storage) | High Performance Mediatek Helio G85 | Big 17cm(6.71) HD+ Display with 5000mAh(typ) Battery with 10W Charger in-Box","8,999",3.9 out of 5 stars,"₹8,999","Sunday, 14 May"
realme Narzo 50 Pro 5G (Hyper Black 8GB RAM+128GB Storage) Dimensity 920 5G Processor |90Hz Super AMOLED Display,"19,999",4.1 out of 5 stars,"₹19,999","Saturday, 13 May"
"IKALL Z13 4G Smartphone with 6.53 inch HD+ Display (4GB RAM, 64GB Storage) (Grey)","6,499",1.8 out of 5 stars,"₹6,499","Monday, 15 May"
"Samsung Galaxy A14 5G (Light Green, 4GB, 64GB Storage) | Triple Rear Camera (50 MP Main) | Upto 8 GB RAM with RAM Plus | Without Charger","16,499",3.7 out of 5 stars,"₹16,499","Saturday, 13 May"
"Tecno POP 7 Pro (Endless Black, 2GB RAM,64GB Storage) | Type C Port | 12MP Dual Camera | Up to 4GB RAM with Memory Fusion","6,799",3.9 out of 5 stars,"₹6,799","Saturday, 13 May"
"Redmi 9A Sport (Carbon Black, 3GB RAM, 32GB Storage) | 2GHz Octa-core Helio G25 Processor | 5000 mAh Battery","8,299",4.1 out of 5 stars,"₹8,299",
"Oppo A77s (Sunset Orange, 8GB RAM, 128 Storage) with No Cost EMI/Additional Exchange Offers","17,999",3.9 out of 5 stars,"₹17,999","Saturday, 13 May"
"IKALL K2 4G Volte Smartphone with 5 Inch Display (1GB RAM, 8GB Storage) (Black)","3,699",2.0 out of 5 stars,"₹3,699","Monday, 15 May"
Redmi Note 12 5G Frosted Green 6GB RAM 128GB ROM | 1st Phone with 120Hz Super AMOLED and Snapdragon® 4 Gen 1 | 48MP AI Triple Camera,"19,999",3.8 out of 5 stars,"₹19,999","Saturday, 13 May"
"Tecno Spark 9 (Sky Mirror, 6GB RAM,128GB Storage) | 11GB Expandable RAM | Helio G37 Gaming Processor","9,499",3.9 out of 5 stars,"₹9,499",
"Redmi 11 Prime (Flashy Black, 4GB RAM, 64GB Storage) | Prime Design | High Performance Helio G99 | 50 MP AI Triple Cam | 5000 mAh | 22.5W","10,999",3.9 out of 5 stars,"₹10,999","Saturday, 13 May"
Redmi Note 12 5G Matte Black 4GB RAM 128GB ROM | 1st Phone with 120Hz Super AMOLED and Snapdragon® 4 Gen 1 | 48MP AI Triple Camera,"17,999",3.8 out of 5 stars,"₹17,999","Saturday, 13 May"
"Motorola Moto g22 (Cosmic Black, 64 GB) (4 GB RAM)",,3.6 out of 5 stars,,
"Samsung Galaxy M14 5G (Berry Blue, 4GB, 128GB Storage) | 50MP Triple Cam | 6000 mAh Battery | 5nm Octa-Core Processor | Android 13 | Without Charger","13,990",4.1 out of 5 stars,"₹13,990","Saturday, 13 May"
"realme C35 (Glowing Black, 6GB RAM, 128GB Storage)",,3.7 out of 5 stars,,
"Tecno POVA Neo 5G (Sprint Blue,4GB RAM,128GB Storage) | 7GB Expandable RAM | 6000mAh Battery | FHD+ Display | 50MP Rear Camera","15,499",2.8 out of 5 stars,"₹15,499","Saturday, 13 May"
"(Renewed) OnePlus 5 (Slate Grey, 6GB RAM, 64GB Storage)","9,999",3.0 out of 5 stars,"₹9,999","Saturday, 13 May"
"Samsung Galaxy A23 5G, Silver (8GB, 128GB Storage) with Offer","24,999",3.6 out of 5 stars,"₹24,999","Saturday, 13 May"
"Oppo A17k (Navy Blue, 3GB RAM, 64GB Storage) with No Cost EMI/Additional Exchange Offers","9,499",4.2 out of 5 stars,"₹9,499","Saturday, 13 May"
"iQOO Neo 6 5G (Maverick Orange, 12GB RAM, 256GB Storage) | Only Snapdragon 870 in The Segment | 50% Charge in Just 12 Mins | 90 FPS Gaming Support*","28,999",4.4 out of 5 stars,"₹28,999","Saturday, 13 May"
"Redmi K50i 5G (Quick Silver, 6GB RAM, 128GB Storage) | Flagship Mediatek Dimensity 8100 Processor | 144Hz Liquid FFS Display","20,999",4.0 out of 5 stars,"₹20,999","Saturday, 13 May"
"Redmi 12C (Mint Green, 4GB RAM, 64GB Storage) | High Performance Mediatek Helio G85 | Big 17cm(6.71) HD+ Display with 5000mAh(typ) Battery with 10W Charger in-Box","8,999",3.9 out of 5 stars,"₹8,999","Sunday, 14 May"
"(Renewed) Samsung Galaxy M21 (Midnight Blue, 4GB RAM, 64GB Storage)","7,999",3.4 out of 5 stars,"₹7,999","Friday, 19 May"
"(Renewed) realme 8i (Space Purple, 4GB RAM, 64GB Storage), Medium",,3.6 out of 5 stars,,
Vivo T1x Gravity Black (4+64GB),"11,999",4.1 out of 5 stars,"₹11,999","Thursday, 18 May"
LYF C 459 Blue Mobile Phone,"3,490",1.7 out of 5 stars,"₹3,490","Thursday, 18 May"
"Nokia C01 Plus 4G, 5.45” HD+ Screen, Selfie Camera with Front Flash | 32GB Storage (Grey)","5,699",3.4 out of 5 stars,"₹5,699","Saturday, 13 May"
"Redmi Note 10S (Deep Sea Blue, 8GB RAM,128 GB Storage) - Super Amoled Display | 64 MP Quad Camera | 6 Month Free Screen Replacement (Prime only) | Alexa Built in | 33W Charger Included","18,499",4.2 out of 5 stars,"₹18,499","Saturday, 13 May"
"Xifo JMAX V20 (2GB RAM, 16GB Storage) 4G Smartphone in Blue Colour","3,899",1.0 out of 5 stars,"₹3,899","Wednesday, 17 May"
"(Renewed) SAMSUNG Galaxy F23 5G (Aqua Blue, 6GB RAM 128GB Storage)","15,999",3.5 out of 5 stars,"₹15,999","Tuesday, 16 May"
"Tecno Spark 9 (Sky Mirror, 6GB RAM,128GB Storage) | 11GB Expandable RAM | Helio G37 Gaming Processor","9,499",3.9 out of 5 stars,"₹9,499",
"Redmi 11 Prime (Flashy Black, 4GB RAM, 64GB Storage) | Prime Design | High Performance Helio G99 | 50 MP AI Triple Cam | 5000 mAh | 22.5W","10,999",3.9 out of 5 stars,"₹10,999","Saturday, 13 May"
Redmi Note 12 5G Matte Black 4GB RAM 128GB ROM | 1st Phone with 120Hz Super AMOLED and Snapdragon® 4 Gen 1 | 48MP AI Triple Camera,"17,999",3.8 out of 5 stars,"₹17,999","Saturday, 13 May"
"Samsung Galaxy A04e (Copper, 4GB, 128GB Storage) | 13 MP Rear Camera| Face Unlock | Upto 8GB RAM with RAM Plus | MediaTek Helio P35 | 5000 mAh Battery","11,499",3.4 out of 5 stars,"₹11,499","Saturday, 13 May"
Itel A60 (6.6 inch HD+ IPS Waterdrop Display | 5000mAh Battery | Fingerprint Sensor) - Vert Menthe,"5,999",3.0 out of 5 stars,"₹5,999","Saturday, 13 May"
"JioFi Next 32 GB, 2 GB RAM, Blue Smartphone","5,900",3.6 out of 5 stars,"₹5,900","Tuesday, 16 May"
"Vivo Y16 (Drizzling Gold, 4GB RAM, 128GB Storage) with No Cost EMI/Additional Exchange Offers","12,999",5.0 out of 5 stars,"₹12,999","Monday, 15 May"
Blackberry Corporation 32GB KEYone 4G LTE Single SIM Smartphone (Silver),"23,999",3.8 out of 5 stars,"₹23,999","Wednesday, 17 May"
"Samsung Galaxy A13 Green, 4GB RAM, 64GB Storage","14,499",2.3 out of 5 stars,"₹14,499","Saturday, 13 May"
"Smartphone for jio sim (competible with jio only), 2gb ram, 32gb ROM, Android smartpone","5,499",2.5 out of 5 stars,"₹5,499","Monday, 15 May"
"Vivo Y15C (Wave Green, 3GB RAM, 32GB Storage) with No Cost EMI/Additional Exchange Offers","9,499",3.7 out of 5 stars,"₹9,499","Monday, 15 May"
"Redmi K50i 5G (Quick Silver, 6GB RAM, 128GB Storage) | Flagship Mediatek Dimensity 8100 Processor | 144Hz Liquid FFS Display","20,999",4.0 out of 5 stars,"₹20,999","Saturday, 13 May"
"Redmi 12C (Mint Green, 4GB RAM, 64GB Storage) | High Performance Mediatek Helio G85 | Big 17cm(6.71) HD+ Display with 5000mAh(typ) Battery with 10W Charger in-Box","8,999",3.9 out of 5 stars,"₹8,999","Sunday, 14 May"
"Samsung Galaxy M14 5G (Smoky Teal, 4GB, 128GB Storage) | 50MP Triple Cam | 6000 mAh Battery | 5nm Octa-Core Processor | Android 13 | Without Charger","13,990",4.1 out of 5 stars,"₹13,990","Sunday, 14 May"
"Lava Blaze 2 (6GB RAM, 128GB Storage) - Glass Blue | 18W Fast Charging | 6.5 inch 90Hz Punch Hole Display | Side Fingerprint Sensor | Upto 11GB Expandable RAM | 5000 mAh Battery","8,999",4.1 out of 5 stars,"₹8,999","Saturday, 13 May"
"realme C33 2023 (Aqua Blue, 4GB RAM, 64GB Storage)",,4.5 out of 5 stars,,
Redmi 10 Prime (Astral White 4GB RAM 64GB ROM |Helio G88 with extendable RAM Upto 2GB |FHD+ 90Hz Adaptive Sync Display),"11,499",4.1 out of 5 stars,"₹11,499","Saturday, 13 May"
"Redmi Note 10 Pro (Dark Nebula, 6GB RAM, 128GB Storage) -120hz Super Amoled Display|64MPwith 5mp Super Tele-Macro, Normal","17,999",4.2 out of 5 stars,"₹17,999","Sunday, 14 May"
"Samsung Galaxy A14 5G (Dark Red, 8GB, 128GB Storage) | Triple Rear Camera (50 MP Main) | Upto 16 GB RAM with RAM Plus | Without Charger","20,999",3.7 out of 5 stars,"₹20,999","Saturday, 13 May"
"Samsung A03 Core (Onyx, 2GB, 32GB)","6,770",4.2 out of 5 stars,"₹6,770","Sunday, 14 May"
"IKALL Z14 4G Smartphone with 6.82 Inch HD+ Display (Android 10.0, 4GB RAM + 64GB Storage) (Grey)","6,999",2.9 out of 5 stars,"₹6,999","Saturday, 13 May"
"Tecno Spark 9 (Sky Mirror, 6GB RAM,128GB Storage) | 11GB Expandable RAM | Helio G37 Gaming Processor","9,499",3.9 out of 5 stars,"₹9,499",
Redmi Note 12 5G Matte Black 4GB RAM 128GB ROM | 1st Phone with 120Hz Super AMOLED and Snapdragon® 4 Gen 1 | 48MP AI Triple Camera,"17,999",3.8 out of 5 stars,"₹17,999","Saturday, 13 May"
"Redmi 11 Prime (Flashy Black, 4GB RAM, 64GB Storage) | Prime Design | High Performance Helio G99 | 50 MP AI Triple Cam | 5000 mAh | 22.5W","10,999",3.9 out of 5 stars,"₹10,999","Saturday, 13 May"
"Realme 9i 5G (Metallica Gold, 6GB RAM, 128GB Storage)",,4.1 out of 5 stars,,
"Redmi Note 10T 5G (Mint Green, 4GB RAM, 64GB Storage) | Dual5G | 90Hz Adaptive Refresh Rate | MediaTek Dimensity 700 7nm Processor | 22.5W Charger Included","14,499",4.2 out of 5 stars,"₹14,499",
"Tecno Spark 10 (Meta Blue, 8GB RAM,128GB Storage)|16GB Expandable RAM | 50MP AI Dual Rear Camera| 90Hz Refresh Rate 6.56"" HD+Dot Display","11,699",,"₹11,699","Saturday, 13 May"
"realme C33 2023 (Night Sea, 4GB RAM, 64GB Storage)",,5.0 out of 5 stars,,
"Samsung Galaxy A04e (Light Blue, 3GB, 64GB Storage) | 13 MP Rear Camera | Face Unlock | Upto 7GB RAM with RAM Plus | MediaTek Helio P35 | 5000 mAh Battery","9,999",3.4 out of 5 stars,"₹9,999","Saturday, 13 May"
"Vivo Y15C (Wave Green, 3GB RAM, 32GB Storage) with No Cost EMI/Additional Exchange Offers","9,499",3.7 out of 5 stars,"₹9,499","Monday, 15 May"
LYF Flame 7 LS-4006 (Black),"2,790",3.6 out of 5 stars,"₹2,790","Sunday, 14 May"
"IKALL K401 Smartphone (4GB, 64GB) (4G Volte, Android 10) (Sky Blue)","6,299",2.5 out of 5 stars,"₹6,299","Monday, 15 May"
"Redmi K50i 5G (Quick Silver, 6GB RAM, 128GB Storage) | Flagship Mediatek Dimensity 8100 Processor | 144Hz Liquid FFS Display","20,999",4.0 out of 5 stars,"₹20,999","Saturday, 13 May"
"Redmi 12C (Mint Green, 4GB RAM, 64GB Storage) | High Performance Mediatek Helio G85 | Big 17cm(6.71) HD+ Display with 5000mAh(typ) Battery with 10W Charger in-Box","8,999",3.9 out of 5 stars,"₹8,999","Sunday, 14 May"
"Samsung Galaxy A73 5G Awesome Mint, 8GB RAM, 128GB Storage","41,999",3.8 out of 5 stars,"₹41,999","Saturday, 13 May"
"IKALL Z12 4G Smartphone with 4GB RAM, 64 Internal Memory (6.53 Inch HD+ Display) (Jude Green)","6,799",2.4 out of 5 stars,"₹6,799","Saturday, 13 May"
realme Narzo 50 Pro 5G (Hyper Black 6GB RAM+128GB Storage) Super AMOLED | Advanced Dimensity 920 5G Gaming Processor | 50% Charge in 31 min,"17,999",4.1 out of 5 stars,"₹17,999","Saturday, 13 May"
"realme C25S (Watery Grey, 4GB RAM, 64GB Storage)","9,800",4.0 out of 5 stars,"₹9,800","Sunday, 14 May"
CAUL Dual sim Keypad Mobile Phone with Wireless FM Radio Memory Card Slot Battery 2000 Red | CAULC1890,"1,149",,"₹1,149","Sunday, 14 May"
"Nokia G20, 48MP Quad Camera, 5050 mAh Battery, 6.5"" HD+ Screen, 4 + 64GB Memory (Blue)","10,985",3.7 out of 5 stars,"₹10,985","Saturday, 13 May"
"Oppo A57 (Glowing Black, 4GB RAM, 64 Storage) with No Cost EMI/Additional Exchange Offers","13,999",4.0 out of 5 stars,"₹13,999","Saturday, 13 May"
"Samsung Galaxy A23 5G, Silver (8GB, 128GB Storage) with Offer","24,999",3.6 out of 5 stars,"₹24,999","Saturday, 13 May"
"Tecno Spark 9 (Sky Mirror, 6GB RAM,128GB Storage) | 11GB Expandable RAM | Helio G37 Gaming Processor","9,499",3.9 out of 5 stars,"₹9,499",
Redmi Note 12 5G Matte Black 4GB RAM 128GB ROM | 1st Phone with 120Hz Super AMOLED and Snapdragon® 4 Gen 1 | 48MP AI Triple Camera,"17,999",3.8 out of 5 stars,"₹17,999","Saturday, 13 May"
"Redmi 11 Prime (Flashy Black, 4GB RAM, 64GB Storage) | Prime Design | High Performance Helio G99 | 50 MP AI Triple Cam | 5000 mAh | 22.5W","10,999",3.9 out of 5 stars,"₹10,999","Saturday, 13 May"
"(Renewed) Redmi Note 9 Pro (Interstellar Black, 4GB RAM, 64GB Storage)- Latest 8nm Snapdragon 720G & Alexa Hands-Free","11,999",3.4 out of 5 stars,"₹11,999","Sunday, 14 May"
5s 16GB Original Smartphones Compatible Apple iPhone (Silver),"11,999",3.0 out of 5 stars,"₹11,999","Sunday, 14 May"
"Samsung Galaxy A14 5G (Black, 4GB, 64GB Storage) | Triple Rear Camera (50 MP Main) | Upto 8 GB RAM with RAM Plus | Without Charger","16,499",3.7 out of 5 stars,"₹16,499","Saturday, 13 May"
"Redmi Note 9 Shadow Black, 4GB RAM, 64GB Storage","13,199",4.3 out of 5 stars,"₹13,199","Thursday, 18 May"
"(Renewed) OPPO F17 Pro (Matte Black, 8GB RAM, 128GB Storage) Without Offer","14,999",3.4 out of 5 stars,"₹14,999",
"Tecno Spark 9 (Sky Mirror, 6GB RAM,128GB Storage) | 11GB Expandable RAM | Helio G37 Gaming Processor","9,499",3.9 out of 5 stars,"₹9,499",
LYF Flame 7 LS-4006 (Black),"2,790",3.6 out of 5 stars,"₹2,790","Sunday, 14 May"
LYF Earth 1 (White),"3,899",2.2 out of 5 stars,"₹3,899","Monday, 15 May"
"Redmi K50i 5G (Quick Silver, 6GB RAM, 128GB Storage) | Flagship Mediatek Dimensity 8100 Processor | 144Hz Liquid FFS Display","20,999",4.0 out of 5 stars,"₹20,999","Saturday, 13 May"
"Redmi 12C (Mint Green, 4GB RAM, 64GB Storage) | High Performance Mediatek Helio G85 | Big 17cm(6.71) HD+ Display with 5000mAh(typ) Battery with 10W Charger in-Box","8,999",3.9 out of 5 stars,"₹8,999","Sunday, 14 May"
Itel A60 (6.6 inch HD+ IPS Waterdrop Display | 5000mAh Battery | Fingerprint Sensor) - Sapphire Black,"5,999",3.0 out of 5 stars,"₹5,999","Saturday, 13 May"
"MI 10T 5G Cosmic Black, 8GB RAM, 128GB Storage - |Additional Exchange/No Cost EMI Offers","24,999",4.1 out of 5 stars,"₹24,999","Saturday, 13 May"
"Poco X5 5G (Wildcat Blue, 256 GB) (8 GB RAM)",,5.0 out of 5 stars,,
"IKALL K2 4G Volte Smartphone with 5 Inch Display (1GB RAM, 8GB Storage) (Black)","3,699",2.0 out of 5 stars,"₹3,699","Monday, 15 May"
Itel A60 (6.6 inch HD+ IPS Waterdrop Display | 5000mAh Battery | Fingerprint Sensor) - Vert Menthe,"5,999",3.0 out of 5 stars,"₹5,999","Saturday, 13 May"
"realme C25S (Watery Grey, 4GB RAM, 64GB Storage)","9,800",4.0 out of 5 stars,"₹9,800","Sunday, 14 May"
"Nokia G20, 48MP Quad Camera, 5050 mAh Battery, 6.5"" HD+ Screen, 4 + 64GB Memory (Blue)","10,985",3.7 out of 5 stars,"₹10,985","Saturday, 13 May"
"SHIVANSH Celkon Cliq 2 (Champagne Gold), 32 GB (3 GB RAM) 4G Volte Smartphone for All 4G SIM","4,690",1.0 out of 5 stars,"₹4,690","Sunday, 14 May"
"Tecno Spark 9 (Sky Mirror, 6GB RAM,128GB Storage) | 11GB Expandable RAM | Helio G37 Gaming Processor","9,499",3.9 out of 5 stars,"₹9,499",
Redmi Note 12 5G Matte Black 4GB RAM 128GB ROM | 1st Phone with 120Hz Super AMOLED and Snapdragon® 4 Gen 1 | 48MP AI Triple Camera,"17,999",3.8 out of 5 stars,"₹17,999","Saturday, 13 May"
"Redmi 11 Prime (Flashy Black, 4GB RAM, 64GB Storage) | Prime Design | High Performance Helio G99 | 50 MP AI Triple Cam | 5000 mAh | 22.5W","10,999",3.9 out of 5 stars,"₹10,999","Saturday, 13 May"
"POCO M5 (ICY Blue, 64 GB) (4 GB RAM)",,4.0 out of 5 stars,,
Itel A60 (6.6 inch HD+ IPS Waterdrop Display | 5000mAh Battery | Fingerprint Sensor) - Sapphire Black,"5,999",3.0 out of 5 stars,"₹5,999","Saturday, 13 May"
"Oppo Reno8 5G (Shimmer Black, 128 GB) (8 GB RAM)","29,999",3.9 out of 5 stars,"₹29,999",
(Renewed) Moto a10_Dark Blue_Dual Sim 1750 mAh Battery,"1,329",3.6 out of 5 stars,"₹1,329","Saturday, 13 May"
CAUL Dual sim Keypad Mobile Phone with Wireless FM Radio Memory Card Slot Battery 1000 Green | C1880GREEN,"1,099",5.0 out of 5 stars,"₹1,099","Sunday, 14 May"
"Redmi Note 11 (Horizon Blue, 6GB RAM, 128GB Storage)|90Hz FHD+ AMOLED Display | Qualcomm® Snapdragon™ 680-6nm | 33W Charger Included","15,999",4.1 out of 5 stars,"₹15,999","Saturday, 13 May"
iphone6 64GB Original Smartphones Compatible Apple iPhone (Space Grey),"17,999",1.0 out of 5 stars,"₹17,999","Sunday, 14 May"
"Vivo Y15C (Mystic Blue, 3GB RAM, 64GB Storage) with No Cost EMI/Additional Exchange Offers","10,499",3.7 out of 5 stars,"₹10,499",
"Redmi K50i 5G (Quick Silver, 6GB RAM, 128GB Storage) | Flagship Mediatek Dimensity 8100 Processor | 144Hz Liquid FFS Display","20,999",4.0 out of 5 stars,"₹20,999","Saturday, 13 May"
"Redmi 12C (Mint Green, 4GB RAM, 64GB Storage) | High Performance Mediatek Helio G85 | Big 17cm(6.71) HD+ Display with 5000mAh(typ) Battery with 10W Charger in-Box","8,999",3.9 out of 5 stars,"₹8,999","Sunday, 14 May"
"Nokia C21 Plus Android Smartphone, Dual SIM, 3-Day Battery Life, 4GB RAM + 64GB Storage, 13MP Dual Camera with HDR | Dark Cyan","10,490",4.0 out of 5 stars,"₹10,490","Saturday, 13 May"
"Motorola G40 Fusion (Dynamic Gray, 6 GB RAM, 128GB Storage)",,3.8 out of 5 stars,,
"Samsung Galaxy A14 5G (Dark Red, 8GB, 128GB Storage) | Triple Rear Camera (50 MP Main) | Upto 16 GB RAM with RAM Plus | Without Charger","20,999",3.7 out of 5 stars,"₹20,999","Saturday, 13 May"
"Motorola G Turbo (Black, 16GB)","5,990",4.1 out of 5 stars,"₹5,990","Saturday, 13 May"
Vivo T1 44w Starry Sky (6+128GB),"15,999",4.0 out of 5 stars,"₹15,999","Thursday, 18 May"
"realme 9 5G SE (Azure Glow, 8GB RAM, 128GB Storage)","18,915",3.9 out of 5 stars,"₹18,915","Saturday, 13 May"
"Nokia C01 Plus 4G, 5.45” HD+ Screen, Selfie Camera with Front Flash | 32GB Storage (Grey)","5,699",3.4 out of 5 stars,"₹5,699","Saturday, 13 May"
"(Renewed) Redmi Note 9 Pro (Interstellar Black, 4GB RAM, 64GB Storage)- Latest 8nm Snapdragon 720G & Alexa Hands-Free","11,999",3.4 out of 5 stars,"₹11,999","Sunday, 14 May"
"Tecno Spark 9 (Sky Mirror, 6GB RAM,128GB Storage) | 11GB Expandable RAM | Helio G37 Gaming Processor","9,499",3.9 out of 5 stars,"₹9,499",
Redmi Note 12 5G Matte Black 4GB RAM 128GB ROM | 1st Phone with 120Hz Super AMOLED and Snapdragon® 4 Gen 1 | 48MP AI Triple Camera,"17,999",3.8 out of 5 stars,"₹17,999","Saturday, 13 May"
"Redmi 11 Prime (Flashy Black, 4GB RAM, 64GB Storage) | Prime Design | High Performance Helio G99 | 50 MP AI Triple Cam | 5000 mAh | 22.5W","10,999",3.9 out of 5 stars,"₹10,999","Saturday, 13 May"
"Nokia C21 Plus Android Smartphone, Dual SIM, 3-Day Battery Life, 4GB RAM + 64GB Storage, 13MP Dual Camera with HDR | Dark Cyan","10,490",4.0 out of 5 stars,"₹10,490","Saturday, 13 May"
"IKALL Z13 4G Smartphone with 6.53 inch HD+ Display (4GB RAM, 64GB Storage) (Grey)","6,499",1.8 out of 5 stars,"₹6,499","Monday, 15 May"
"POCO M5 (ICY Blue, 64 GB) (4 GB RAM)",,4.0 out of 5 stars,,
"Motorola G Turbo (Black, 16GB)","5,990",4.1 out of 5 stars,"₹5,990","Saturday, 13 May"
"realme C33 2023 (Night Sea, 4GB RAM, 64GB Storage)",,5.0 out of 5 stars,,
"IKALL Z19 Pro Ultra Smartphone (6.5 Inch, 6GB, 128GB) (Blue)","8,999",3.0 out of 5 stars,"₹8,999","Saturday, 13 May"
CAUL Dual sim Keypad Mobile Phone with Wireless FM Radio Memory Card Slot Battery 2000 Light Green | C2430GREEN,"1,199",,"₹1,199","Sunday, 14 May"
"Tecno Spark Go 2023 (Endless Black, 3GB RAM,32GB Storage) | 5000mAh Battery | 6.56"" HD+ Display | 13MP Dual Rear Camera | Type C Port","6,999",1.0 out of 5 stars,"₹6,999","Saturday, 13 May"
"Redmi K50i 5G (Quick Silver, 6GB RAM, 128GB Storage) | Flagship Mediatek Dimensity 8100 Processor | 144Hz Liquid FFS Display","20,999",4.0 out of 5 stars,"₹20,999","Saturday, 13 May"
"Redmi 12C (Mint Green, 4GB RAM, 64GB Storage) | High Performance Mediatek Helio G85 | Big 17cm(6.71) HD+ Display with 5000mAh(typ) Battery with 10W Charger in-Box","8,999",3.9 out of 5 stars,"₹8,999","Sunday, 14 May"
"Redmi Note 10S (Frost White, 8GB RAM,128 GB Storage) - Super Amoled Display | 64 MP Quad Camera | 6 Month Free Screen Replacement (Prime only) | Alexa Built in | 33W Charger Included","18,499",4.2 out of 5 stars,"₹18,499","Saturday, 13 May"
(Renewed) Moto a10_Dark Blue_Dual Sim 1750 mAh Battery,"1,329",3.6 out of 5 stars,"₹1,329","Saturday, 13 May"
"IKALL K2 4G Smartphone (5 Inch Display, 1GB, 8GB) (Dual Sim, Jio Support) (Gold)","3,699",,"₹3,699","Monday, 15 May"
"(Renewed) SAMSUNG Galaxy F23 5G (Aqua Blue, 6GB RAM 128GB Storage)","15,999",3.5 out of 5 stars,"₹15,999","Tuesday, 16 May"
"realme C33 2023 (Sandy Gold, 4GB RAM, 128GB Storage)",,,,
"(Renewed) realme 8i (Space Purple, 4GB RAM, 64GB Storage), Medium",,3.6 out of 5 stars,,
"Oppo A77s (Starry Black, 8GB RAM, 128 Storage) with No Cost EMI/Additional Exchange Offers","17,999",3.9 out of 5 stars,"₹17,999","Saturday, 13 May"
"Samsung Galaxy A73 5G Awesome Mint, 8GB RAM, 128GB Storage","41,999",3.8 out of 5 stars,"₹41,999","Saturday, 13 May"
"Tecno Spark 9 (Sky Mirror, 6GB RAM,128GB Storage) | 11GB Expandable RAM | Helio G37 Gaming Processor","9,499",3.9 out of 5 stars,"₹9,499",
Redmi Note 12 5G Matte Black 4GB RAM 128GB ROM | 1st Phone with 120Hz Super AMOLED and Snapdragon® 4 Gen 1 | 48MP AI Triple Camera,"17,999",3.8 out of 5 stars,"₹17,999","Saturday, 13 May"
"Redmi 11 Prime (Flashy Black, 4GB RAM, 64GB Storage) | Prime Design | High Performance Helio G99 | 50 MP AI Triple Cam | 5000 mAh | 22.5W","10,999",3.9 out of 5 stars,"₹10,999","Saturday, 13 May"
"Redmi Note 10S (Frost White, 8GB RAM,128 GB Storage) - Super Amoled Display | 64 MP Quad Camera | 6 Month Free Screen Replacement (Prime only) | Alexa Built in | 33W Charger Included","18,499",4.2 out of 5 stars,"₹18,499","Saturday, 13 May"
"Tecno POVA 4 (Cryolite Blue,8GB RAM,128GB Storage)| Helio G99 Processor | 6000mAh Battery 18W Charger Included | 50MP Rear Camera","11,999",4.0 out of 5 stars,"₹11,999","Saturday, 13 May"
"Redmi K50i 5G (Quick Silver, 6GB RAM, 128GB Storage) | Flagship Mediatek Dimensity 8100 Processor | 144Hz Liquid FFS Display","20,999",4.0 out of 5 stars,"₹20,999","Saturday, 13 May"
"Redmi 12C (Mint Green, 4GB RAM, 64GB Storage) | High Performance Mediatek Helio G85 | Big 17cm(6.71) HD+ Display with 5000mAh(typ) Battery with 10W Charger in-Box","8,999",3.9 out of 5 stars,"₹8,999","Sunday, 14 May"
"Tecno Spark 9 (Sky Mirror, 6GB RAM,128GB Storage) | 11GB Expandable RAM | Helio G37 Gaming Processor","9,499",3.9 out of 5 stars,"₹9,499",
Redmi Note 12 5G Matte Black 4GB RAM 128GB ROM | 1st Phone with 120Hz Super AMOLED and Snapdragon® 4 Gen 1 | 48MP AI Triple Camera,"17,999",3.8 out of 5 stars,"₹17,999","Saturday, 13 May"
"Redmi 11 Prime (Flashy Black, 4GB RAM, 64GB Storage) | Prime Design | High Performance Helio G99 | 50 MP AI Triple Cam | 5000 mAh | 22.5W","10,999",3.9 out of 5 stars,"₹10,999","Saturday, 13 May"
"Redmi K50i 5G (Quick Silver, 6GB RAM, 128GB Storage) | Flagship Mediatek Dimensity 8100 Processor | 144Hz Liquid FFS Display","20,999",4.0 out of 5 stars,"₹20,999","Saturday, 13 May"
"Redmi 12C (Mint Green, 4GB RAM, 64GB Storage) | High Performance Mediatek Helio G85 | Big 17cm(6.71) HD+ Display with 5000mAh(typ) Battery with 10W Charger in-Box","8,999",3.9 out of 5 stars,"₹8,999","Sunday, 14 May"
"Tecno Spark 9 (Sky Mirror, 6GB RAM,128GB Storage) | 11GB Expandable RAM | Helio G37 Gaming Processor","9,499",3.9 out of 5 stars,"₹9,499",
Redmi Note 12 5G Matte Black 4GB RAM 128GB ROM | 1st Phone with 120Hz Super AMOLED and Snapdragon® 4 Gen 1 | 48MP AI Triple Camera,"17,999",3.8 out of 5 stars,"₹17,999","Saturday, 13 May"
"Redmi 11 Prime (Flashy Black, 4GB RAM, 64GB Storage) | Prime Design | High Performance Helio G99 | 50 MP AI Triple Cam | 5000 mAh | 22.5W","10,999",3.9 out of 5 stars,"₹10,999","Saturday, 13 May"
"Redmi K50i 5G (Quick Silver, 6GB RAM, 128GB Storage) | Flagship Mediatek Dimensity 8100 Processor | 144Hz Liquid FFS Display","20,999",4.0 out of 5 stars,"₹20,999","Saturday, 13 May"
"Redmi 12C (Mint Green, 4GB RAM, 64GB Storage) | High Performance Mediatek Helio G85 | Big 17cm(6.71) HD+ Display with 5000mAh(typ) Battery with 10W Charger in-Box","8,999",3.9 out of 5 stars,"₹8,999","Sunday, 14 May"
"Tecno Spark 9 (Sky Mirror, 6GB RAM,128GB Storage) | 11GB Expandable RAM | Helio G37 Gaming Processor","9,499",3.9 out of 5 stars,"₹9,499",
Redmi Note 12 5G Matte Black 4GB RAM 128GB ROM | 1st Phone with 120Hz Super AMOLED and Snapdragon® 4 Gen 1 | 48MP AI Triple Camera,"17,999",3.8 out of 5 stars,"₹17,999","Saturday, 13 May"
"Redmi 11 Prime (Flashy Black, 4GB RAM, 64GB Storage) | Prime Design | High Performance Helio G99 | 50 MP AI Triple Cam | 5000 mAh | 22.5W","10,999",3.9 out of 5 stars,"₹10,999","Saturday, 13 May"
"Redmi K50i 5G (Quick Silver, 6GB RAM, 128GB Storage) | Flagship Mediatek Dimensity 8100 Processor | 144Hz Liquid FFS Display","20,999",4.0 out of 5 stars,"₹20,999","Saturday, 13 May"
"Redmi 12C (Mint Green, 4GB RAM, 64GB Storage) | High Performance Mediatek Helio G85 | Big 17cm(6.71) HD+ Display with 5000mAh(typ) Battery with 10W Charger in-Box","8,999",3.9 out of 5 stars,"₹8,999","Sunday, 14 May"
"Tecno Spark 9 (Sky Mirror, 6GB RAM,128GB Storage) | 11GB Expandable RAM | Helio G37 Gaming Processor","9,499",3.9 out of 5 stars,"₹9,499",
Redmi Note 12 5G Matte Black 4GB RAM 128GB ROM | 1st Phone with 120Hz Super AMOLED and Snapdragon® 4 Gen 1 | 48MP AI Triple Camera,"17,999",3.8 out of 5 stars,"₹17,999","Saturday, 13 May"
"Redmi 11 Prime (Flashy Black, 4GB RAM, 64GB Storage) | Prime Design | High Performance Helio G99 | 50 MP AI Triple Cam | 5000 mAh | 22.5W","10,999",3.9 out of 5 stars,"₹10,999","Saturday, 13 May"
"Redmi K50i 5G (Quick Silver, 6GB RAM, 128GB Storage) | Flagship Mediatek Dimensity 8100 Processor | 144Hz Liquid FFS Display","20,999",4.0 out of 5 stars,"₹20,999","Saturday, 13 May"
"Redmi 12C (Mint Green, 4GB RAM, 64GB Storage) | High Performance Mediatek Helio G85 | Big 17cm(6.71) HD+ Display with 5000mAh(typ) Battery with 10W Charger in-Box","8,999",3.9 out of 5 stars,"₹8,999","Sunday, 14 May"
"Tecno Spark 9 (Sky Mirror, 6GB RAM,128GB Storage) | 11GB Expandable RAM | Helio G37 Gaming Processor","9,499",3.9 out of 5 stars,"₹9,499",
Redmi Note 12 5G Mystique Blue 4GB RAM 128GB ROM | 1st Phone with 120Hz Super AMOLED and Snapdragon® 4 Gen 1 | 48MP AI Triple Camera,"17,999",3.8 out of 5 stars,"₹17,999","Saturday, 13 May"
"Redmi 11 Prime (Flashy Black, 4GB RAM, 64GB Storage) | Prime Design | High Performance Helio G99 | 50 MP AI Triple Cam | 5000 mAh | 22.5W","10,999",3.9 out of 5 stars,"₹10,999","Saturday, 13 May"
"Redmi K50i 5G (Quick Silver, 6GB RAM, 128GB Storage) | Flagship Mediatek Dimensity 8100 Processor | 144Hz Liquid FFS Display","20,999",4.0 out of 5 stars,"₹20,999","Saturday, 13 May"
"Redmi 12C (Mint Green, 4GB RAM, 64GB Storage) | High Performance Mediatek Helio G85 | Big 17cm(6.71) HD+ Display with 5000mAh(typ) Battery with 10W Charger in-Box","8,999",3.9 out of 5 stars,"₹8,999","Sunday, 14 May"
"Tecno Spark 9 (Sky Mirror, 6GB RAM,128GB Storage) | 11GB Expandable RAM | Helio G37 Gaming Processor","9,499",3.9 out of 5 stars,"₹9,499",
Redmi Note 12 5G Mystique Blue 4GB RAM 128GB ROM | 1st Phone with 120Hz Super AMOLED and Snapdragon® 4 Gen 1 | 48MP AI Triple Camera,"17,999",3.8 out of 5 stars,"₹17,999","Saturday, 13 May"
"Redmi 11 Prime (Flashy Black, 4GB RAM, 64GB Storage) | Prime Design | High Performance Helio G99 | 50 MP AI Triple Cam | 5000 mAh | 22.5W","10,999",3.9 out of 5 stars,"₹10,999","Saturday, 13 May"
"Redmi K50i 5G (Quick Silver, 6GB RAM, 128GB Storage) | Flagship Mediatek Dimensity 8100 Processor | 144Hz Liquid FFS Display","20,999",4.0 out of 5 stars,"₹20,999","Saturday, 13 May"
"Redmi 12C (Mint Green, 4GB RAM, 64GB Storage) | High Performance Mediatek Helio G85 | Big 17cm(6.71) HD+ Display with 5000mAh(typ) Battery with 10W Charger in-Box","8,999",3.9 out of 5 stars,"₹8,999","Sunday, 14 May"
"Tecno Spark 9 (Sky Mirror, 6GB RAM,128GB Storage) | 11GB Expandable RAM | Helio G37 Gaming Processor","9,499",3.9 out of 5 stars,"₹9,499",
Redmi Note 12 5G Mystique Blue 4GB RAM 128GB ROM | 1st Phone with 120Hz Super AMOLED and Snapdragon® 4 Gen 1 | 48MP AI Triple Camera,"17,999",3.8 out of 5 stars,"₹17,999","Saturday, 13 May"
"Redmi 11 Prime (Flashy Black, 4GB RAM, 64GB Storage) | Prime Design | High Performance Helio G99 | 50 MP AI Triple Cam | 5000 mAh | 22.5W","10,999",3.9 out of 5 stars,"₹10,999","Saturday, 13 May"
"Redmi K50i 5G (Quick Silver, 6GB RAM, 128GB Storage) | Flagship Mediatek Dimensity 8100 Processor | 144Hz Liquid FFS Display","20,999",4.0 out of 5 stars,"₹20,999","Saturday, 13 May"
"Redmi 12C (Mint Green, 4GB RAM, 64GB Storage) | High Performance Mediatek Helio G85 | Big 17cm(6.71) HD+ Display with 5000mAh(typ) Battery with 10W Charger in-Box","8,999",3.9 out of 5 stars,"₹8,999","Sunday, 14 May"
"Tecno Spark 9 (Sky Mirror, 6GB RAM,128GB Storage) | 11GB Expandable RAM | Helio G37 Gaming Processor","9,499",3.9 out of 5 stars,"₹9,499",
Redmi Note 12 5G Mystique Blue 4GB RAM 128GB ROM | 1st Phone with 120Hz Super AMOLED and Snapdragon® 4 Gen 1 | 48MP AI Triple Camera,"17,999",3.8 out of 5 stars,"₹17,999","Saturday, 13 May"
"Redmi 11 Prime (Flashy Black, 4GB RAM, 64GB Storage) | Prime Design | High Performance Helio G99 | 50 MP AI Triple Cam | 5000 mAh | 22.5W","10,999",3.9 out of 5 stars,"₹10,999","Saturday, 13 May"
"Redmi K50i 5G (Quick Silver, 6GB RAM, 128GB Storage) | Flagship Mediatek Dimensity 8100 Processor | 144Hz Liquid FFS Display","20,999",4.0 out of 5 stars,"₹20,999","Saturday, 13 May"
"Redmi 12C (Mint Green, 4GB RAM, 64GB Storage) | High Performance Mediatek Helio G85 | Big 17cm(6.71) HD+ Display with 5000mAh(typ) Battery with 10W Charger in-Box","8,999",3.9 out of 5 stars,"₹8,999","Sunday, 14 May"
"Tecno Spark 9 (Sky Mirror, 6GB RAM,128GB Storage) | 11GB Expandable RAM | Helio G37 Gaming Processor","9,499",3.9 out of 5 stars,"₹9,499",
Redmi Note 12 5G Mystique Blue 4GB RAM 128GB ROM | 1st Phone with 120Hz Super AMOLED and Snapdragon® 4 Gen 1 | 48MP AI Triple Camera,"17,999",3.8 out of 5 stars,"₹17,999","Saturday, 13 May"
"Redmi 11 Prime (Flashy Black, 4GB RAM, 64GB Storage) | Prime Design | High Performance Helio G99 | 50 MP AI Triple Cam | 5000 mAh | 22.5W","10,999",3.9 out of 5 stars,"₹10,999","Saturday, 13 May"
"Redmi K50i 5G (Quick Silver, 6GB RAM, 128GB Storage) | Flagship Mediatek Dimensity 8100 Processor | 144Hz Liquid FFS Display","20,999",4.0 out of 5 stars,"₹20,999","Saturday, 13 May"
"Redmi 12C (Mint Green, 4GB RAM, 64GB Storage) | High Performance Mediatek Helio G85 | Big 17cm(6.71) HD+ Display with 5000mAh(typ) Battery with 10W Charger in-Box","8,999",3.9 out of 5 stars,"₹8,999","Sunday, 14 May"
"Tecno Spark 9 (Sky Mirror, 6GB RAM,128GB Storage) | 11GB Expandable RAM | Helio G37 Gaming Processor","9,499",3.9 out of 5 stars,"₹9,499",
Redmi Note 12 5G Mystique Blue 4GB RAM 128GB ROM | 1st Phone with 120Hz Super AMOLED and Snapdragon® 4 Gen 1 | 48MP AI Triple Camera,"17,999",3.8 out of 5 stars,"₹17,999","Saturday, 13 May"
"Redmi 11 Prime (Flashy Black, 4GB RAM, 64GB Storage) | Prime Design | High Performance Helio G99 | 50 MP AI Triple Cam | 5000 mAh | 22.5W","10,999",3.9 out of 5 stars,"₹10,999","Saturday, 13 May"
"Redmi K50i 5G (Quick Silver, 6GB RAM, 128GB Storage) | Flagship Mediatek Dimensity 8100 Processor | 144Hz Liquid FFS Display","20,999",4.0 out of 5 stars,"₹20,999","Saturday, 13 May"
"Redmi 12C (Mint Green, 4GB RAM, 64GB Storage) | High Performance Mediatek Helio G85 | Big 17cm(6.71) HD+ Display with 5000mAh(typ) Battery with 10W Charger in-Box","8,999",3.9 out of 5 stars,"₹8,999","Sunday, 14 May"
"Tecno Spark 9 (Sky Mirror, 6GB RAM,128GB Storage) | 11GB Expandable RAM | Helio G37 Gaming Processor","9,499",3.9 out of 5 stars,"₹9,499",
Redmi Note 12 5G Mystique Blue 4GB RAM 128GB ROM | 1st Phone with 120Hz Super AMOLED and Snapdragon® 4 Gen 1 | 48MP AI Triple Camera,"17,999",3.8 out of 5 stars,"₹17,999","Saturday, 13 May"
"Redmi 11 Prime (Flashy Black, 4GB RAM, 64GB Storage) | Prime Design | High Performance Helio G99 | 50 MP AI Triple Cam | 5000 mAh | 22.5W","10,999",3.9 out of 5 stars,"₹10,999","Saturday, 13 May"
"Redmi K50i 5G (Quick Silver, 6GB RAM, 128GB Storage) | Flagship Mediatek Dimensity 8100 Processor | 144Hz Liquid FFS Display","20,999",4.0 out of 5 stars,"₹20,999","Saturday, 13 May"
"Redmi 12C (Mint Green, 4GB RAM, 64GB Storage) | High Performance Mediatek Helio G85 | Big 17cm(6.71) HD+ Display with 5000mAh(typ) Battery with 10W Charger in-Box","8,999",3.9 out of 5 stars,"₹8,999","Sunday, 14 May"
"Tecno Spark 9 (Sky Mirror, 6GB RAM,128GB Storage) | 11GB Expandable RAM | Helio G37 Gaming Processor","9,499",3.9 out of 5 stars,"₹9,499",
Redmi Note 12 5G Matte Black 4GB RAM 128GB ROM | 1st Phone with 120Hz Super AMOLED and Snapdragon® 4 Gen 1 | 48MP AI Triple Camera,"17,999",3.8 out of 5 stars,"₹17,999","Saturday, 13 May"
"Redmi 11 Prime (Flashy Black, 4GB RAM, 64GB Storage) | Prime Design | High Performance Helio G99 | 50 MP AI Triple Cam | 5000 mAh | 22.5W","10,999",3.9 out of 5 stars,"₹10,999","Saturday, 13 May"
"Redmi K50i 5G (Quick Silver, 6GB RAM, 128GB Storage) | Flagship Mediatek Dimensity 8100 Processor | 144Hz Liquid FFS Display","20,999",4.0 out of 5 stars,"₹20,999","Saturday, 13 May"
"Redmi 12C (Mint Green, 4GB RAM, 64GB Storage) | High Performance Mediatek Helio G85 | Big 17cm(6.71) HD+ Display with 5000mAh(typ) Battery with 10W Charger in-Box","8,999",3.9 out of 5 stars,"₹8,999","Sunday, 14 May"
"Tecno Spark 9 (Sky Mirror, 6GB RAM,128GB Storage) | 11GB Expandable RAM | Helio G37 Gaming Processor","9,499",3.9 out of 5 stars,"₹9,499",
Redmi Note 12 5G Matte Black 4GB RAM 128GB ROM | 1st Phone with 120Hz Super AMOLED and Snapdragon® 4 Gen 1 | 48MP AI Triple Camera,"17,999",3.8 out of 5 stars,"₹17,999","Saturday, 13 May"
"Redmi 11 Prime (Flashy Black, 4GB RAM, 64GB Storage) | Prime Design | High Performance Helio G99 | 50 MP AI Triple Cam | 5000 mAh | 22.5W","10,999",3.9 out of 5 stars,"₹10,999","Saturday, 13 May"
"Redmi K50i 5G (Quick Silver, 6GB RAM, 128GB Storage) | Flagship Mediatek Dimensity 8100 Processor | 144Hz Liquid FFS Display","20,999",4.0 out of 5 stars,"₹20,999","Saturday, 13 May"
"Redmi 12C (Mint Green, 4GB RAM, 64GB Storage) | High Performance Mediatek Helio G85 | Big 17cm(6.71) HD+ Display with 5000mAh(typ) Battery with 10W Charger in-Box","8,999",3.9 out of 5 stars,"₹8,999","Sunday, 14 May"
"Tecno Spark 9 (Sky Mirror, 6GB RAM,128GB Storage) | 11GB Expandable RAM | Helio G37 Gaming Processor","9,499",3.9 out of 5 stars,"₹9,499",
Redmi Note 12 5G Matte Black 4GB RAM 128GB ROM | 1st Phone with 120Hz Super AMOLED and Snapdragon® 4 Gen 1 | 48MP AI Triple Camera,"17,999",3.8 out of 5 stars,"₹17,999","Saturday, 13 May"
"Redmi 11 Prime (Flashy Black, 4GB RAM, 64GB Storage) | Prime Design | High Performance Helio G99 | 50 MP AI Triple Cam | 5000 mAh | 22.5W","10,999",3.9 out of 5 stars,"₹10,999","Saturday, 13 May"
"Redmi K50i 5G (Quick Silver, 6GB RAM, 128GB Storage) | Flagship Mediatek Dimensity 8100 Processor | 144Hz Liquid FFS Display","20,999",4.0 out of 5 stars,"₹20,999","Saturday, 13 May"
"Redmi 12C (Mint Green, 4GB RAM, 64GB Storage) | High Performance Mediatek Helio G85 | Big 17cm(6.71) HD+ Display with 5000mAh(typ) Battery with 10W Charger in-Box","8,999",3.9 out of 5 stars,"₹8,999","Sunday, 14 May"
"Tecno Spark 9 (Sky Mirror, 6GB RAM,128GB Storage) | 11GB Expandable RAM | Helio G37 Gaming Processor","9,499",3.9 out of 5 stars,"₹9,499",
Redmi Note 12 5G Matte Black 4GB RAM 128GB ROM | 1st Phone with 120Hz Super AMOLED and Snapdragon® 4 Gen 1 | 48MP AI Triple Camera,"17,999",3.8 out of 5 stars,"₹17,999","Saturday, 13 May"
"Redmi 11 Prime (Flashy Black, 4GB RAM, 64GB Storage) | Prime Design | High Performance Helio G99 | 50 MP AI Triple Cam | 5000 mAh | 22.5W","10,999",3.9 out of 5 stars,"₹10,999","Saturday, 13 May"
"Redmi K50i 5G (Quick Silver, 6GB RAM, 128GB Storage) | Flagship Mediatek Dimensity 8100 Processor | 144Hz Liquid FFS Display","20,999",4.0 out of 5 stars,"₹20,999","Saturday, 13 May"
"Redmi 12C (Mint Green, 4GB RAM, 64GB Storage) | High Performance Mediatek Helio G85 | Big 17cm(6.71) HD+ Display with 5000mAh(typ) Battery with 10W Charger in-Box","8,999",3.9 out of 5 stars,"₹8,999","Sunday, 14 May"
"Tecno Spark 9 (Sky Mirror, 6GB RAM,128GB Storage) | 11GB Expandable RAM | Helio G37 Gaming Processor","9,499",3.9 out of 5 stars,"₹9,499",
Redmi Note 12 5G Matte Black 4GB RAM 128GB ROM | 1st Phone with 120Hz Super AMOLED and Snapdragon® 4 Gen 1 | 48MP AI Triple Camera,"17,999",3.8 out of 5 stars,"₹17,999","Saturday, 13 May"
"Redmi 11 Prime (Flashy Black, 4GB RAM, 64GB Storage) | Prime Design | High Performance Helio G99 | 50 MP AI Triple Cam | 5000 mAh | 22.5W","10,999",3.9 out of 5 stars,"₹10,999","Saturday, 13 May"
"Redmi K50i 5G (Quick Silver, 6GB RAM, 128GB Storage) | Flagship Mediatek Dimensity 8100 Processor | 144Hz Liquid FFS Display","20,999",4.0 out of 5 stars,"₹20,999","Saturday, 13 May"
"Redmi 12C (Mint Green, 4GB RAM, 64GB Storage) | High Performance Mediatek Helio G85 | Big 17cm(6.71) HD+ Display with 5000mAh(typ) Battery with 10W Charger in-Box","8,999",3.9 out of 5 stars,"₹8,999","Sunday, 14 May"
"Tecno Spark 9 (Sky Mirror, 6GB RAM,128GB Storage) | 11GB Expandable RAM | Helio G37 Gaming Processor","9,499",3.9 out of 5 stars,"₹9,499",
Redmi Note 12 5G Matte Black 4GB RAM 128GB ROM | 1st Phone with 120Hz Super AMOLED and Snapdragon® 4 Gen 1 | 48MP AI Triple Camera,"17,999",3.8 out of 5 stars,"₹17,999","Saturday, 13 May"
"Redmi 11 Prime (Flashy Black, 4GB RAM, 64GB Storage) | Prime Design | High Performance Helio G99 | 50 MP AI Triple Cam | 5000 mAh | 22.5W","10,999",3.9 out of 5 stars,"₹10,999","Saturday, 13 May"
"Redmi K50i 5G (Quick Silver, 6GB RAM, 128GB Storage) | Flagship Mediatek Dimensity 8100 Processor | 144Hz Liquid FFS Display","20,999",4.0 out of 5 stars,"₹20,999","Saturday, 13 May"
"Redmi 12C (Mint Green, 4GB RAM, 64GB Storage) | High Performance Mediatek Helio G85 | Big 17cm(6.71) HD+ Display with 5000mAh(typ) Battery with 10W Charger in-Box","8,999",3.9 out of 5 stars,"₹8,999","Sunday, 14 May"
"Tecno Spark 9 (Sky Mirror, 6GB RAM,128GB Storage) | 11GB Expandable RAM | Helio G37 Gaming Processor","9,499",3.9 out of 5 stars,"₹9,499",
Redmi Note 12 5G Matte Black 4GB RAM 128GB ROM | 1st Phone with 120Hz Super AMOLED and Snapdragon® 4 Gen 1 | 48MP AI Triple Camera,"17,999",3.8 out of 5 stars,"₹17,999","Saturday, 13 May"
"Redmi 11 Prime (Flashy Black, 4GB RAM, 64GB Storage) | Prime Design | High Performance Helio G99 | 50 MP AI Triple Cam | 5000 mAh | 22.5W","10,999",3.9 out of 5 stars,"₹10,999","Saturday, 13 May"
"Redmi K50i 5G (Quick Silver, 6GB RAM, 128GB Storage) | Flagship Mediatek Dimensity 8100 Processor | 144Hz Liquid FFS Display","20,999",4.0 out of 5 stars,"₹20,999","Saturday, 13 May"
"Redmi 12C (Mint Green, 4GB RAM, 64GB Storage) | High Performance Mediatek Helio G85 | Big 17cm(6.71) HD+ Display with 5000mAh(typ) Battery with 10W Charger in-Box","8,999",3.9 out of 5 stars,"₹8,999","Sunday, 14 May"
"Tecno Spark 9 (Sky Mirror, 6GB RAM,128GB Storage) | 11GB Expandable RAM | Helio G37 Gaming Processor","9,499",3.9 out of 5 stars,"₹9,499",
Redmi Note 12 5G Matte Black 4GB RAM 128GB ROM | 1st Phone with 120Hz Super AMOLED and Snapdragon® 4 Gen 1 | 48MP AI Triple Camera,"17,999",3.8 out of 5 stars,"₹17,999","Saturday, 13 May"
"Redmi 11 Prime (Flashy Black, 4GB RAM, 64GB Storage) | Prime Design | High Performance Helio G99 | 50 MP AI Triple Cam | 5000 mAh | 22.5W","10,999",3.9 out of 5 stars,"₹10,999","Saturday, 13 May"
"Redmi K50i 5G (Quick Silver, 6GB RAM, 128GB Storage) | Flagship Mediatek Dimensity 8100 Processor | 144Hz Liquid FFS Display","20,999",4.0 out of 5 stars,"₹20,999","Saturday, 13 May"
"Redmi 12C (Mint Green, 4GB RAM, 64GB Storage) | High Performance Mediatek Helio G85 | Big 17cm(6.71) HD+ Display with 5000mAh(typ) Battery with 10W Charger in-Box","8,999",3.9 out of 5 stars,"₹8,999","Sunday, 14 May"
"Tecno Spark 9 (Sky Mirror, 6GB RAM,128GB Storage) | 11GB Expandable RAM | Helio G37 Gaming Processor","9,499",3.9 out of 5 stars,"₹9,499",
Redmi Note 12 5G Matte Black 4GB RAM 128GB ROM | 1st Phone with 120Hz Super AMOLED and Snapdragon® 4 Gen 1 | 48MP AI Triple Camera,"17,999",3.8 out of 5 stars,"₹17,999","Saturday, 13 May"
"Redmi 11 Prime (Flashy Black, 4GB RAM, 64GB Storage) | Prime Design | High Performance Helio G99 | 50 MP AI Triple Cam | 5000 mAh | 22.5W","10,999",3.9 out of 5 stars,"₹10,999","Saturday, 13 May"
"Redmi K50i 5G (Quick Silver, 6GB RAM, 128GB Storage) | Flagship Mediatek Dimensity 8100 Processor | 144Hz Liquid FFS Display","20,999",4.0 out of 5 stars,"₹20,999","Saturday, 13 May"
"Redmi 12C (Mint Green, 4GB RAM, 64GB Storage) | High Performance Mediatek Helio G85 | Big 17cm(6.71) HD+ Display with 5000mAh(typ) Battery with 10W Charger in-Box","8,999",3.9 out of 5 stars,"₹8,999","Sunday, 14 May"
"Tecno Spark 9 (Sky Mirror, 6GB RAM,128GB Storage) | 11GB Expandable RAM | Helio G37 Gaming Processor","9,499",3.9 out of 5 stars,"₹9,499",
Redmi Note 12 5G Matte Black 4GB RAM 128GB ROM | 1st Phone with 120Hz Super AMOLED and Snapdragon® 4 Gen 1 | 48MP AI Triple Camera,"17,999",3.8 out of 5 stars,"₹17,999","Saturday, 13 May"
"Redmi 11 Prime (Flashy Black, 4GB RAM, 64GB Storage) | Prime Design | High Performance Helio G99 | 50 MP AI Triple Cam | 5000 mAh | 22.5W","10,999",3.9 out of 5 stars,"₹10,999","Saturday, 13 May"
"Redmi K50i 5G (Quick Silver, 6GB RAM, 128GB Storage) | Flagship Mediatek Dimensity 8100 Processor | 144Hz Liquid FFS Display","20,999",4.0 out of 5 stars,"₹20,999","Saturday, 13 May"
"Redmi 12C (Mint Green, 4GB RAM, 64GB Storage) | High Performance Mediatek Helio G85 | Big 17cm(6.71) HD+ Display with 5000mAh(typ) Battery with 10W Charger in-Box","8,999",3.9 out of 5 stars,"₹8,999","Sunday, 14 May"
"Tecno Spark 9 (Sky Mirror, 6GB RAM,128GB Storage) | 11GB Expandable RAM | Helio G37 Gaming Processor","9,499",3.9 out of 5 stars,"₹9,499",
Redmi Note 12 5G Matte Black 4GB RAM 128GB ROM | 1st Phone with 120Hz Super AMOLED and Snapdragon® 4 Gen 1 | 48MP AI Triple Camera,"17,999",3.8 out of 5 stars,"₹17,999","Saturday, 13 May"
"Redmi 11 Prime (Flashy Black, 4GB RAM, 64GB Storage) | Prime Design | High Performance Helio G99 | 50 MP AI Triple Cam | 5000 mAh | 22.5W","10,999",3.9 out of 5 stars,"₹10,999","Saturday, 13 May"
"Redmi K50i 5G (Quick Silver, 6GB RAM, 128GB Storage) | Flagship Mediatek Dimensity 8100 Processor | 144Hz Liquid FFS Display","20,999",4.0 out of 5 stars,"₹20,999","Saturday, 13 May"
"Redmi 12C (Mint Green, 4GB RAM, 64GB Storage) | High Performance Mediatek Helio G85 | Big 17cm(6.71) HD+ Display with 5000mAh(typ) Battery with 10W Charger in-Box","8,999",3.9 out of 5 stars,"₹8,999","Sunday, 14 May"
"Tecno Spark 9 (Sky Mirror, 6GB RAM,128GB Storage) | 11GB Expandable RAM | Helio G37 Gaming Processor","9,499",3.9 out of 5 stars,"₹9,499",
Redmi Note 12 5G Matte Black 4GB RAM 128GB ROM | 1st Phone with 120Hz Super AMOLED and Snapdragon® 4 Gen 1 | 48MP AI Triple Camera,"17,999",3.8 out of 5 stars,"₹17,999","Saturday, 13 May"
"Redmi 11 Prime (Flashy Black, 4GB RAM, 64GB Storage) | Prime Design | High Performance Helio G99 | 50 MP AI Triple Cam | 5000 mAh | 22.5W","10,999",3.9 out of 5 stars,"₹10,999","Saturday, 13 May"
"Redmi K50i 5G (Quick Silver, 6GB RAM, 128GB Storage) | Flagship Mediatek Dimensity 8100 Processor | 144Hz Liquid FFS Display","20,999",4.0 out of 5 stars,"₹20,999","Saturday, 13 May"
"Redmi 12C (Mint Green, 4GB RAM, 64GB Storage) | High Performance Mediatek Helio G85 | Big 17cm(6.71) HD+ Display with 5000mAh(typ) Battery with 10W Charger in-Box","8,999",3.9 out of 5 stars,"₹8,999","Sunday, 14 May"
"Tecno Spark 9 (Sky Mirror, 6GB RAM,128GB Storage) | 11GB Expandable RAM | Helio G37 Gaming Processor","9,499",3.9 out of 5 stars,"₹9,499",
Redmi Note 12 5G Matte Black 4GB RAM 128GB ROM | 1st Phone with 120Hz Super AMOLED and Snapdragon® 4 Gen 1 | 48MP AI Triple Camera,"17,999",3.8 out of 5 stars,"₹17,999","Saturday, 13 May"
"Redmi 11 Prime (Flashy Black, 4GB RAM, 64GB Storage) | Prime Design | High Performance Helio G99 | 50 MP AI Triple Cam | 5000 mAh | 22.5W","10,999",3.9 out of 5 stars,"₹10,999","Saturday, 13 May"
"Redmi K50i 5G (Quick Silver, 6GB RAM, 128GB Storage) | Flagship Mediatek Dimensity 8100 Processor | 144Hz Liquid FFS Display","20,999",4.0 out of 5 stars,"₹20,999","Saturday, 13 May"
"Redmi 12C (Mint Green, 4GB RAM, 64GB Storage) | High Performance Mediatek Helio G85 | Big 17cm(6.71) HD+ Display with 5000mAh(typ) Battery with 10W Charger in-Box","8,999",3.9 out of 5 stars,"₹8,999","Sunday, 14 May"
"Tecno Spark 9 (Sky Mirror, 6GB RAM,128GB Storage) | 11GB Expandable RAM | Helio G37 Gaming Processor","9,499",3.9 out of 5 stars,"₹9,499",
Redmi Note 12 5G Matte Black 4GB RAM 128GB ROM | 1st Phone with 120Hz Super AMOLED and Snapdragon® 4 Gen 1 | 48MP AI Triple Camera,"17,999",3.8 out of 5 stars,"₹17,999","Saturday, 13 May"
"Redmi 11 Prime (Flashy Black, 4GB RAM, 64GB Storage) | Prime Design | High Performance Helio G99 | 50 MP AI Triple Cam | 5000 mAh | 22.5W","10,999",3.9 out of 5 stars,"₹10,999","Saturday, 13 May"
"Redmi K50i 5G (Quick Silver, 6GB RAM, 128GB Storage) | Flagship Mediatek Dimensity 8100 Processor | 144Hz Liquid FFS Display","20,999",4.0 out of 5 stars,"₹20,999","Saturday, 13 May"
"Redmi 12C (Mint Green, 4GB RAM, 64GB Storage) | High Performance Mediatek Helio G85 | Big 17cm(6.71) HD+ Display with 5000mAh(typ) Battery with 10W Charger in-Box","8,999",3.9 out of 5 stars,"₹8,999","Sunday, 14 May"
"Tecno Spark 9 (Sky Mirror, 6GB RAM,128GB Storage) | 11GB Expandable RAM | Helio G37 Gaming Processor","9,499",3.9 out of 5 stars,"₹9,499",
Redmi Note 12 5G Matte Black 4GB RAM 128GB ROM | 1st Phone with 120Hz Super AMOLED and Snapdragon® 4 Gen 1 | 48MP AI Triple Camera,"17,999",3.8 out of 5 stars,"₹17,999","Saturday, 13 May"
"Redmi 11 Prime (Flashy Black, 4GB RAM, 64GB Storage) | Prime Design | High Performance Helio G99 | 50 MP AI Triple Cam | 5000 mAh | 22.5W","10,999",3.9 out of 5 stars,"₹10,999","Saturday, 13 May"
"Redmi K50i 5G (Quick Silver, 6GB RAM, 128GB Storage) | Flagship Mediatek Dimensity 8100 Processor | 144Hz Liquid FFS Display","20,999",4.0 out of 5 stars,"₹20,999","Saturday, 13 May"
"Redmi 12C (Mint Green, 4GB RAM, 64GB Storage) | High Performance Mediatek Helio G85 | Big 17cm(6.71) HD+ Display with 5000mAh(typ) Battery with 10W Charger in-Box","8,999",3.9 out of 5 stars,"₹8,999","Sunday, 14 May"
"Tecno Spark 9 (Sky Mirror, 6GB RAM,128GB Storage) | 11GB Expandable RAM | Helio G37 Gaming Processor","9,499",3.9 out of 5 stars,"₹9,499",
Redmi Note 12 5G Mystique Blue 4GB RAM 128GB ROM | 1st Phone with 120Hz Super AMOLED and Snapdragon® 4 Gen 1 | 48MP AI Triple Camera,"17,999",3.8 out of 5 stars,"₹17,999","Saturday, 13 May"
"Redmi 11 Prime (Flashy Black, 4GB RAM, 64GB Storage) | Prime Design | High Performance Helio G99 | 50 MP AI Triple Cam | 5000 mAh | 22.5W","10,999",3.9 out of 5 stars,"₹10,999","Saturday, 13 May"
"Redmi K50i 5G (Quick Silver, 6GB RAM, 128GB Storage) | Flagship Mediatek Dimensity 8100 Processor | 144Hz Liquid FFS Display","20,999",4.0 out of 5 stars,"₹20,999","Saturday, 13 May"
"Redmi 12C (Mint Green, 4GB RAM, 64GB Storage) | High Performance Mediatek Helio G85 | Big 17cm(6.71) HD+ Display with 5000mAh(typ) Battery with 10W Charger in-Box","8,999",3.9 out of 5 stars,"₹8,999","Sunday, 14 May"
"Tecno Spark 9 (Sky Mirror, 6GB RAM,128GB Storage) | 11GB Expandable RAM | Helio G37 Gaming Processor","9,499",3.9 out of 5 stars,"₹9,499",
Redmi Note 12 5G Mystique Blue 4GB RAM 128GB ROM | 1st Phone with 120Hz Super AMOLED and Snapdragon® 4 Gen 1 | 48MP AI Triple Camera,"17,999",3.8 out of 5 stars,"₹17,999","Saturday, 13 May"
"Redmi 11 Prime (Flashy Black, 4GB RAM, 64GB Storage) | Prime Design | High Performance Helio G99 | 50 MP AI Triple Cam | 5000 mAh | 22.5W","10,999",3.9 out of 5 stars,"₹10,999","Saturday, 13 May"
"Redmi K50i 5G (Quick Silver, 6GB RAM, 128GB Storage) | Flagship Mediatek Dimensity 8100 Processor | 144Hz Liquid FFS Display","20,999",4.0 out of 5 stars,"₹20,999","Saturday, 13 May"
"Redmi 12C (Mint Green, 4GB RAM, 64GB Storage) | High Performance Mediatek Helio G85 | Big 17cm(6.71) HD+ Display with 5000mAh(typ) Battery with 10W Charger in-Box","8,999",3.9 out of 5 stars,"₹8,999","Sunday, 14 May"
"Tecno Spark 9 (Sky Mirror, 6GB RAM,128GB Storage) | 11GB Expandable RAM | Helio G37 Gaming Processor","9,499",3.9 out of 5 stars,"₹9,499",
Redmi Note 12 5G Mystique Blue 4GB RAM 128GB ROM | 1st Phone with 120Hz Super AMOLED and Snapdragon® 4 Gen 1 | 48MP AI Triple Camera,"17,999",3.8 out of 5 stars,"₹17,999","Saturday, 13 May"
"Redmi 11 Prime (Flashy Black, 4GB RAM, 64GB Storage) | Prime Design | High Performance Helio G99 | 50 MP AI Triple Cam | 5000 mAh | 22.5W","10,999",3.9 out of 5 stars,"₹10,999","Saturday, 13 May"
"Redmi K50i 5G (Quick Silver, 6GB RAM, 128GB Storage) | Flagship Mediatek Dimensity 8100 Processor | 144Hz Liquid FFS Display","20,999",4.0 out of 5 stars,"₹20,999","Saturday, 13 May"
"Redmi 12C (Mint Green, 4GB RAM, 64GB Storage) | High Performance Mediatek Helio G85 | Big 17cm(6.71) HD+ Display with 5000mAh(typ) Battery with 10W Charger in-Box","8,999",3.9 out of 5 stars,"₹8,999","Sunday, 14 May"
"Tecno Spark 9 (Sky Mirror, 6GB RAM,128GB Storage) | 11GB Expandable RAM | Helio G37 Gaming Processor","9,499",3.9 out of 5 stars,"₹9,499",
Redmi Note 12 5G Matte Black 4GB RAM 128GB ROM | 1st Phone with 120Hz Super AMOLED and Snapdragon® 4 Gen 1 | 48MP AI Triple Camera,"17,999",3.8 out of 5 stars,"₹17,999","Saturday, 13 May"
"Redmi 11 Prime (Flashy Black, 4GB RAM, 64GB Storage) | Prime Design | High Performance Helio G99 | 50 MP AI Triple Cam | 5000 mAh | 22.5W","10,999",3.9 out of 5 stars,"₹10,999","Saturday, 13 May"
"Redmi K50i 5G (Quick Silver, 6GB RAM, 128GB Storage) | Flagship Mediatek Dimensity 8100 Processor | 144Hz Liquid FFS Display","20,999",4.0 out of 5 stars,"₹20,999","Saturday, 13 May"
"Redmi 12C (Mint Green, 4GB RAM, 64GB Storage) | High Performance Mediatek Helio G85 | Big 17cm(6.71) HD+ Display with 5000mAh(typ) Battery with 10W Charger in-Box","8,999",3.9 out of 5 stars,"₹8,999","Sunday, 14 May"
"Tecno Spark 9 (Sky Mirror, 6GB RAM,128GB Storage) | 11GB Expandable RAM | Helio G37 Gaming Processor","9,499",3.9 out of 5 stars,"₹9,499",
